ts,Ayato Hidaka,Ayumu Shinonome,Boss,Chigaya Meguro,Daichi Katsuragi,Dui,Eiichi Matsunaga,Eisuke Ichinomiya,Hideki Ishigami,Hiroshi Kirisawa,Huedhaut,Hyogo Kaga,Jun Araki,Karno,Kazuomi Shido,Kei Soejima,Kunihiro Kasai,Kyohei Rikudoh,Leon,Mad Hatter,Mamoru Kishi,Masashi Himuro,Minoru Tsujimoto,Mitsunari Baba,Munechika Takado,Reo Kuzume,Scorpio,Seiji Goto,Sentaro Kyogoku,Shu Hasunuma,Shunichiro Tachibana,Soji Okita,Soryu Oh,Takamune Kitami,Takaomi Tsugaru,Taki Kozaki,Takuto Hirukawa,Tauxolouve,Tetsuya Hosho,Togo Daimon,Toma Kiriya,Toru Kurosawa,Toshiki Kasumi,Tsubaki Iriyama,Tsumugu Kido,Ukyo Senkawa,Yamato Kougami,Yosuke Sagara,Yuzuru Shiba,Zyglavis
2025-11-12 05:00:00+00:00,0.0,0.0,0.0,0.0,0.0,0.0,0.0,0.0,0.0,0.0,0.0,0.0,0.0,0.0,0.0,0.0,0.0,0.0,0.0,0.0,0.0,0.0,0.0,0.0,0.0,0.0,0.0,0.0,0.0,0.0,0.0,0.0,0.0,0.0,0.0,0.0,0.0,0.0,0.0,0.0,0.0,0.0,0.0,0.0,0.0,0.0,0.0,0.0,0.0,0.0
2025-11-12 06:00:00+00:00,0.0,0.0,0.0,0.0,0.0,0.0,0.0,0.0,0.0,0.0,0.0,0.0,0.0,0.0,0.0,0.0,0.0,0.0,0.0,0.0,0.0,0.0,0.0,0.0,0.0,0.0,0.0,0.0,0.0,0.0,0.0,0.0,0.0,0.0,0.0,0.0,0.0,0.0,0.0,0.0,0.0,0.0,0.0,0.0,0.0,0.0,0.0,0.0,0.0,0.0
2025-11-12 07:00:00+00:00,2.0,4.0,0.0,2.0,0.0,14.0,2.0,210.0,3894.0,0.0,2.0,2.0,40.0,1660.0,40.0,2.0,4.0,2.0,72.0,6.0,2.0,200.0,42.0,2.0,0.0,4.0,6.0,44.0,32.0,2.0,94.0,3040.0,4706.0,26.0,2.0,50.0,4.0,4.0,2.0,164.0,2.0,2.0,446.0,2.0,14.0,2.0,18.0,0.0,42.0,18.0
2025-11-12 08:00:00+00:00,0.0,52.0,0.0,46.0,0.0,2584.0,0.0,242.0,0.0,0.0,2.0,0.0,20.0,3004.0,1000.0,0.0,22.0,100.0,2.0,0.0,0.0,1060.0,6.0,0.0,0.0,0.0,64.0,100.0,0.0,0.0,0.0,46.0,234.0,44.0,20.0,0.0,32.0,2.0,0.0,90.0,4.0,0.0,0.0,0.0,4.0,2.0,6.0,0.0,1044.0,272.0
2025-11-12 09:00:00+00:00,0.0,0.0,194.0,408.0,4.0,2.0,0.0,1350.0,406.0,10.0,8.0,6.0,0.0,14.0,206.0,4.0,404.0,2.0,2.0,4.0,10.0,0.0,4.0,4.0,0.0,2.0,24.0,8.0,200.0,0.0,8.0,1000.0,238.0,0.0,4.0,4.0,0.0,3990.0,720.0,12.0,4.0,0.0,4.0,0.0,8110.0,2.0,0.0,2.0,4.0,2.0
2025-11-12 10:00:00+00:00,0.0,0.0,0.0,2.0,10.0,0.0,180.0,24.0,350.0,2.0,0.0,0.0,80.0,60.0,62.0,2780.0,0.0,0.0,0.0,80.0,0.0,10.0,2.0,0.0,2.0,2.0,0.0,2.0,2.0,0.0,0.0,0.0,4.0,0.0,0.0,0.0,42.0,0.0,2.0,2.0,42.0,0.0,1222.0,2.0,8192.0,0.0,0.0,1262.0,2.0,810.0
2025-11-12 11:00:00+00:00,0.0,0.0,0.0,0.0,0.0,0.0,0.0,62.0,0.0,0.0,0.0,0.0,2.0,2994.0,0.0,0.0,0.0,0.0,2.0,0.0,0.0,0.0,600.0,42.0,0.0,0.0,2.0,0.0,0.0,0.0,0.0,2.0,162.0,0.0,2.0,0.0,2.0,0.0,0.0,6.0,6.0,0.0,0.0,0.0,20.0,0.0,4.0,0.0,0.0,0.0
2025-11-12 12:00:00+00:00,0.0,0.0,0.0,0.0,0.0,0.0,0.0,0.0,0.0,0.0,0.0,0.0,0.0,0.0,0.0,0.0,0.0,0.0,0.0,0.0,0.0,0.0,0.0,0.0,0.0,0.0,0.0,0.0,0.0,0.0,0.0,0.0,0.0,0.0,0.0,0.0,0.0,0.0,0.0,0.0,0.0,0.0,0.0,0.0,0.0,0.0,0.0,0.0,0.0,0.0
2025-11-12 13:00:00+00:00,0.0,0.0,0.0,0.0,0.0,0.0,0.0,0.0,0.0,0.0,0.0,0.0,0.0,0.0,0.0,0.0,0.0,0.0,0.0,0.0,0.0,0.0,0.0,0.0,0.0,0.0,0.0,0.0,0.0,0.0,0.0,0.0,0.0,0.0,0.0,0.0,0.0,0.0,0.0,0.0,0.0,0.0,0.0,0.0,0.0,0.0,0.0,0.0,0.0,0.0
2025-11-12 14:00:00+00:00,4.0,12.0,22.0,4044.0,2.0,40.0,0.0,76.0,434.0,4.0,100.0,1188.0,28.0,2204.0,5760.0,8.0,28.0,2830.0,0.0,28.0,6.0,10.0,648.0,18.0,82.0,336.0,64.0,1030.0,0.0,132.0,168.0,2.0,40.0,2.0,20.0,12.0,10.0,0.0,0.0,42.0,4016.0,20.0,572.0,6.0,12.0,12.0,24.0,0.0,8.0,572.0
2025-11-12 15:00:00+00:00,20.0,10.0,10.0,690.0,10.0,20.0,10.0,796.0,40.0,40.0,20.0,10.0,44.0,40.0,0.0,10.0,150.0,40.0,22.0,10.0,140.0,20.0,30.0,140.0,40.0,22.0,52.0,40.0,10.0,20.0,52.0,30.0,170.0,10.0,10.0,24.0,10.0,52.0,20.0,20.0,10.0,10.0,20.0,20.0,70.0,702.0,20.0,10.0,10.0,10.0
2025-11-12 16:00:00+00:00,0.0,2.0,2.0,0.0,0.0,0.0,400.0,4.0,300.0,0.0,2.0,2.0,2.0,0.0,6.0,0.0,0.0,16.0,48.0,48.0,202.0,4.0,0.0,0.0,2.0,0.0,2.0,0.0,0.0,40.0,400.0,0.0,86.0,0.0,0.0,560.0,4.0,0.0,0.0,2.0,2.0,0.0,160.0,0.0,2.0,0.0,2.0,200.0,482.0,350.0
2025-11-12 17:00:00+00:00,52.0,0.0,0.0,12.0,0.0,40.0,12.0,92.0,560.0,0.0,80.0,12.0,14.0,4002.0,12.0,14.0,14.0,60.0,0.0,38.0,12.0,0.0,4.0,0.0,0.0,14.0,0.0,0.0,0.0,0.0,14.0,0.0,92.0,82.0,4.0,240.0,340.0,0.0,0.0,0.0,24.0,2.0,1084.0,120.0,50.0,0.0,0.0,12.0,0.0,806.0
2025-11-12 18:00:00+00:00,0.0,2.0,2.0,60.0,0.0,520.0,0.0,74.0,0.0,82.0,2.0,1022.0,12.0,0.0,0.0,7200.0,2.0,0.0,2.0,306.0,2.0,0.0,0.0,2.0,42.0,2.0,18.0,0.0,2.0,0.0,0.0,14.0,80.0,210.0,2.0,2.0,820.0,0.0,0.0,2.0,0.0,0.0,4.0,0.0,0.0,0.0,0.0,0.0,700.0,0.0
2025-11-12 19:00:00+00:00,12.0,0.0,0.0,0.0,0.0,0.0,0.0,270.0,62.0,0.0,0.0,2.0,140.0,5996.0,14.0,0.0,2.0,22.0,2.0,0.0,0.0,0.0,0.0,0.0,0.0,0.0,1282.0,2.0,0.0,50.0,824.0,0.0,2.0,0.0,0.0,2.0,0.0,0.0,0.0,0.0,0.0,0.0,2.0,2.0,1262.0,0.0,4.0,20.0,10.0,16972.0
2025-11-12 20:00:00+00:00,0.0,0.0,0.0,0.0,0.0,8.0,2.0,1672.0,26.0,2.0,2.0,0.0,0.0,2.0,2.0,0.0,10.0,6.0,2.0,0.0,22.0,16.0,0.0,2.0,12.0,200.0,214.0,0.0,212.0,62.0,0.0,0.0,20.0,0.0,260.0,16.0,38.0,520.0,196.0,0.0,0.0,12.0,200.0,0.0,0.0,0.0,12.0,10.0,12.0,2.0
2025-11-12 21:00:00+00:00,0.0,0.0,0.0,0.0,4.0,120.0,0.0,12.0,0.0,34.0,0.0,0.0,188.0,0.0,2.0,0.0,0.0,0.0,0.0,0.0,2.0,0.0,0.0,2.0,280.0,0.0,4.0,0.0,0.0,2.0,0.0,0.0,2.0,0.0,0.0,2.0,110.0,0.0,80.0,54.0,0.0,0.0,0.0,0.0,0.0,0.0,0.0,0.0,120.0,144.0
2025-11-12 22:00:00+00:00,24.0,0.0,0.0,0.0,0.0,0.0,0.0,1004.0,0.0,12.0,0.0,12.0,10.0,0.0,0.0,0.0,1002.0,14.0,0.0,2.0,0.0,0.0,0.0,2.0,0.0,0.0,0.0,12.0,0.0,0.0,0.0,14.0,0.0,10.0,970.0,0.0,222.0,0.0,0.0,0.0,90.0,0.0,0.0,0.0,0.0,0.0,12.0,0.0,0.0,4.0
2025-11-12 23:00:00+00:00,8.0,0.0,0.0,0.0,2.0,0.0,0.0,8.0,1068.0,0.0,0.0,200.0,0.0,5996.0,0.0,0.0,8.0,90.0,16.0,0.0,10.0,0.0,0.0,0.0,10.0,10.0,8.0,0.0,0.0,0.0,0.0,0.0,12.0,20.0,0.0,0.0,6.0,0.0,0.0,8.0,4.0,0.0,0.0,0.0,8.0,8.0,2.0,0.0,130.0,2.0
2025-11-13 00:00:00+00:00,8.0,0.0,0.0,4.0,0.0,0.0,0.0,198.0,0.0,0.0,4.0,2.0,2.0,2.0,60.0,0.0,2.0,30.0,0.0,2.0,2.0,0.0,2.0,2.0,0.0,0.0,694.0,2.0,0.0,10.0,0.0,6.0,8.0,0.0,0.0,6.0,96.0,0.0,0.0,12.0,6.0,0.0,6.0,0.0,22.0,4.0,0.0,0.0,10.0,38.0
2025-11-13 01:00:00+00:00,0.0,0.0,0.0,0.0,10.0,0.0,0.0,178.0,0.0,0.0,0.0,0.0,4.0,280.0,0.0,80.0,14.0,0.0,0.0,0.0,0.0,0.0,0.0,34.0,0.0,2.0,2.0,0.0,0.0,2.0,0.0,0.0,84.0,12.0,140.0,2.0,0.0,0.0,0.0,2.0,0.0,0.0,60.0,0.0,0.0,0.0,0.0,20.0,0.0,0.0
2025-11-13 02:00:00+00:00,2.0,0.0,0.0,0.0,2.0,10.0,0.0,6.0,2.0,2.0,2.0,0.0,32.0,2.0,2.0,0.0,2.0,4.0,2.0,0.0,2.0,2.0,2.0,2.0,0.0,0.0,20.0,2.0,0.0,2.0,2.0,2.0,22.0,2.0,0.0,2.0,0.0,4.0,2.0,2.0,2.0,0.0,172.0,0.0,2.0,2.0,80.0,60.0,2.0,2.0
2025-11-13 03:00:00+00:00,0.0,0.0,0.0,0.0,0.0,0.0,0.0,2.0,2.0,0.0,0.0,0.0,20.0,0.0,0.0,0.0,0.0,230.0,14.0,0.0,0.0,0.0,0.0,0.0,0.0,0.0,0.0,0.0,0.0,0.0,0.0,0.0,0.0,4.0,0.0,0.0,0.0,0.0,0.0,0.0,0.0,0.0,0.0,0.0,14.0,8.0,4.0,0.0,0.0,0.0
2025-11-13 04:00:00+00:00,602.0,0.0,0.0,0.0,0.0,0.0,0.0,260.0,0.0,0.0,0.0,0.0,0.0,0.0,0.0,0.0,0.0,0.0,0.0,0.0,0.0,4.0,0.0,0.0,0.0,0.0,0.0,0.0,0.0,0.0,0.0,2.0,4.0,0.0,0.0,0.0,0.0,0.0,0.0,0.0,0.0,0.0,0.0,0.0,0.0,0.0,6.0,0.0,2.0,840.0
2025-11-13 05:00:00+00:00,0.0,0.0,0.0,0.0,2.0,0.0,6.0,4.0,18.0,0.0,0.0,0.0,1686.0,5994.0,28.0,0.0,0.0,0.0,0.0,0.0,2.0,2.0,2.0,4.0,0.0,0.0,4.0,2.0,0.0,0.0,0.0,24.0,16.0,0.0,0.0,2.0,0.0,0.0,0.0,0.0,10.0,0.0,8.0,0.0,0.0,0.0,800.0,2.0,2.0,10.0
2025-11-13 06:00:00+00:00,0.0,0.0,0.0,0.0,0.0,0.0,0.0,0.0,0.0,0.0,0.0,0.0,0.0,0.0,0.0,0.0,0.0,0.0,0.0,0.0,0.0,0.0,0.0,0.0,0.0,0.0,130.0,0.0,0.0,0.0,60.0,2.0,0.0,0.0,0.0,0.0,0.0,0.0,0.0,12.0,0.0,0.0,0.0,0.0,0.0,0.0,0.0,0.0,0.0,0.0
2025-11-13 07:00:00+00:00,0.0,0.0,0.0,122.0,10.0,0.0,0.0,90.0,10.0,10.0,0.0,40.0,0.0,0.0,10.0,10.0,172.0,0.0,0.0,80.0,94.0,10.0,0.0,0.0,0.0,60.0,0.0,0.0,0.0,0.0,10.0,0.0,0.0,30.0,20.0,212.0,0.0,0.0,0.0,46.0,0.0,0.0,0.0,20.0,0.0,0.0,450.0,20.0,16.0,0.0
2025-11-13 08:00:00+00:00,0.0,8.0,0.0,120.0,0.0,0.0,0.0,64.0,0.0,0.0,0.0,0.0,0.0,0.0,0.0,0.0,2.0,64.0,0.0,0.0,0.0,0.0,0.0,0.0,0.0,0.0,92.0,0.0,0.0,0.0,0.0,0.0,6.0,0.0,0.0,2.0,0.0,0.0,0.0,8.0,0.0,0.0,0.0,2.0,0.0,0.0,0.0,2.0,0.0,0.0
2025-11-13 09:00:00+00:00,0.0,0.0,0.0,84.0,0.0,0.0,0.0,2.0,0.0,0.0,0.0,0.0,30.0,0.0,0.0,0.0,0.0,0.0,0.0,0.0,0.0,0.0,0.0,0.0,0.0,0.0,0.0,0.0,6.0,0.0,0.0,84.0,138.0,84.0,0.0,0.0,0.0,0.0,0.0,0.0,2.0,0.0,32.0,0.0,0.0,0.0,0.0,0.0,84.0,1340.0
2025-11-13 10:00:00+00:00,0.0,0.0,0.0,0.0,0.0,0.0,0.0,600.0,0.0,0.0,358.0,0.0,0.0,0.0,202.0,0.0,0.0,0.0,0.0,0.0,0.0,0.0,0.0,0.0,0.0,0.0,0.0,0.0,0.0,0.0,0.0,0.0,2.0,0.0,0.0,0.0,242.0,0.0,0.0,200.0,0.0,0.0,0.0,0.0,0.0,0.0,0.0,0.0,2.0,0.0
2025-11-13 11:00:00+00:00,0.0,0.0,0.0,8.0,0.0,0.0,0.0,0.0,0.0,0.0,0.0,0.0,0.0,0.0,0.0,0.0,0.0,0.0,0.0,0.0,0.0,0.0,0.0,0.0,0.0,0.0,0.0,0.0,0.0,0.0,0.0,8.0,8.0,8.0,0.0,0.0,422.0,0.0,0.0,0.0,0.0,0.0,0.0,0.0,0.0,0.0,0.0,0.0,8.0,0.0
2025-11-13 12:00:00+00:00,0.0,2.0,22.0,0.0,0.0,0.0,0.0,0.0,0.0,0.0,12.0,20.0,0.0,0.0,20.0,0.0,14.0,0.0,1020.0,14.0,0.0,0.0,0.0,16.0,0.0,0.0,6.0,0.0,0.0,0.0,18.0,20.0,0.0,30.0,14.0,0.0,0.0,0.0,0.0,0.0,12.0,94.0,0.0,0.0,0.0,0.0,340.0,0.0,0.0,0.0
2025-11-13 13:00:00+00:00,2.0,0.0,0.0,0.0,0.0,0.0,0.0,2.0,0.0,0.0,2.0,60.0,0.0,2.0,34.0,2.0,0.0,0.0,0.0,0.0,0.0,0.0,0.0,0.0,0.0,0.0,2.0,0.0,0.0,0.0,8.0,2.0,2.0,0.0,0.0,2.0,0.0,0.0,0.0,4.0,2.0,0.0,2.0,0.0,30.0,0.0,2.0,4.0,64.0,2.0
2025-11-13 14:00:00+00:00,0.0,0.0,2.0,28.0,2.0,0.0,2.0,6.0,0.0,2.0,0.0,0.0,2.0,0.0,60.0,2.0,2.0,30.0,0.0,2.0,2.0,2.0,28.0,2.0,0.0,2.0,2.0,0.0,0.0,28.0,2.0,2.0,64.0,0.0,0.0,0.0,0.0,0.0,0.0,2.0,0.0,0.0,0.0,0.0,2.0,2.0,0.0,0.0,344.0,0.0
2025-11-13 15:00:00+00:00,10.0,0.0,0.0,0.0,0.0,0.0,0.0,2.0,0.0,0.0,0.0,0.0,0.0,5994.0,0.0,0.0,1000.0,0.0,0.0,0.0,200.0,0.0,0.0,0.0,0.0,0.0,0.0,0.0,0.0,0.0,0.0,0.0,0.0,0.0,0.0,0.0,0.0,0.0,0.0,440.0,10.0,0.0,0.0,0.0,0.0,0.0,0.0,10.0,0.0,0.0
2025-11-13 16:00:00+00:00,2.0,0.0,0.0,0.0,0.0,0.0,0.0,1128.0,0.0,118.0,0.0,0.0,2.0,5994.0,4.0,2.0,0.0,8.0,0.0,0.0,2.0,0.0,0.0,2.0,0.0,202.0,0.0,0.0,0.0,30.0,40.0,0.0,12.0,2.0,0.0,0.0,30.0,0.0,0.0,0.0,0.0,0.0,280.0,2.0,0.0,0.0,8.0,0.0,4.0,0.0
2025-11-13 17:00:00+00:00,0.0,0.0,0.0,1.0,0.0,0.0,0.0,513.0,250.0,0.0,0.0,0.0,0.0,0.0,0.0,0.0,0.0,0.0,0.0,0.0,0.0,0.0,0.0,0.0,0.0,0.0,0.0,0.0,0.0,0.0,0.0,0.0,2.0,0.0,0.0,0.0,0.0,0.0,0.0,0.0,0.0,0.0,0.0,0.0,0.0,0.0,0.0,0.0,0.0,0.0
2025-11-13 18:00:00+00:00,0.0,0.0,0.0,0.0,0.0,0.0,0.0,0.0,0.0,0.0,0.0,0.0,0.0,0.0,0.0,0.0,0.0,0.0,0.0,0.0,0.0,0.0,0.0,0.0,10.0,0.0,0.0,0.0,10.0,0.0,0.0,0.0,3.0,60.0,0.0,12.0,0.0,0.0,20.0,0.0,0.0,0.0,1.0,0.0,0.0,0.0,30.0,0.0,0.0,0.0
2025-11-13 19:00:00+00:00,1.0,3.0,1.0,1.0,0.0,0.0,0.0,7.0,1.0,2.0,1.0,0.0,2.0,45.0,1.0,0.0,1.0,1.0,9.0,1.0,3.0,0.0,1.0,2.0,1.0,0.0,4.0,2.0,2.0,2.0,23.0,3.0,6.0,2.0,2.0,1.0,3.0,0.0,1.0,2.0,2.0,1.0,1.0,0.0,2.0,1.0,3.0,0.0,1.0,4.0
2025-11-13 20:00:00+00:00,0.0,0.0,0.0,200.0,0.0,0.0,0.0,421.0,0.0,0.0,52.0,1.0,0.0,0.0,0.0,0.0,0.0,1.0,0.0,0.0,0.0,0.0,0.0,0.0,1.0,0.0,0.0,0.0,0.0,0.0,500.0,0.0,0.0,0.0,0.0,0.0,0.0,1.0,0.0,500.0,0.0,0.0,0.0,0.0,0.0,0.0,0.0,370.0,0.0,100.0
2025-11-13 21:00:00+00:00,0.0,0.0,0.0,0.0,0.0,0.0,0.0,0.0,0.0,0.0,0.0,0.0,0.0,0.0,1.0,0.0,0.0,1.0,0.0,0.0,0.0,0.0,0.0,0.0,0.0,0.0,5.0,0.0,0.0,0.0,0.0,0.0,0.0,0.0,0.0,0.0,0.0,0.0,1.0,0.0,0.0,0.0,0.0,0.0,0.0,1.0,20.0,0.0,0.0,0.0
2025-11-13 22:00:00+00:00,10.0,10.0,0.0,1.0,0.0,0.0,0.0,10.0,0.0,20.0,0.0,10.0,0.0,5.0,1.0,0.0,13.0,0.0,10.0,30.0,11.0,10.0,0.0,20.0,0.0,1.0,0.0,20.0,0.0,11.0,0.0,10.0,10.0,1.0,10.0,0.0,21.0,0.0,0.0,5.0,1.0,5.0,0.0,1.0,3.0,12.0,20.0,0.0,0.0,0.0
2025-11-13 23:00:00+00:00,0.0,0.0,0.0,0.0,0.0,0.0,0.0,0.0,0.0,0.0,0.0,0.0,0.0,0.0,0.0,0.0,0.0,1.0,0.0,0.0,0.0,0.0,0.0,0.0,0.0,0.0,0.0,0.0,0.0,400.0,0.0,0.0,0.0,0.0,0.0,0.0,0.0,0.0,0.0,0.0,0.0,0.0,0.0,0.0,0.0,0.0,400.0,0.0,0.0,1.0
2025-11-14 00:00:00+00:00,0.0,0.0,0.0,0.0,0.0,0.0,0.0,0.0,0.0,16.0,0.0,0.0,0.0,0.0,0.0,0.0,0.0,0.0,0.0,0.0,0.0,0.0,0.0,0.0,0.0,0.0,0.0,0.0,0.0,0.0,0.0,0.0,0.0,0.0,0.0,1.0,6.0,0.0,0.0,0.0,0.0,0.0,0.0,0.0,0.0,0.0,0.0,0.0,0.0,0.0
2025-11-14 01:00:00+00:00,0.0,0.0,0.0,0.0,0.0,0.0,0.0,0.0,0.0,0.0,0.0,0.0,1.0,0.0,1.0,0.0,0.0,0.0,0.0,209.0,0.0,0.0,0.0,0.0,0.0,0.0,0.0,0.0,0.0,0.0,0.0,0.0,1.0,0.0,0.0,1.0,0.0,0.0,0.0,0.0,0.0,0.0,0.0,2.0,0.0,0.0,0.0,0.0,0.0,0.0
2025-11-14 02:00:00+00:00,0.0,0.0,0.0,0.0,0.0,0.0,0.0,0.0,90.0,0.0,0.0,0.0,0.0,0.0,0.0,0.0,0.0,0.0,0.0,0.0,0.0,0.0,0.0,0.0,0.0,89.0,0.0,0.0,0.0,30.0,0.0,0.0,0.0,0.0,0.0,0.0,15.0,0.0,0.0,0.0,0.0,0.0,0.0,0.0,0.0,0.0,0.0,0.0,0.0,0.0
2025-11-14 03:00:00+00:00,0.0,0.0,0.0,0.0,0.0,0.0,0.0,3.0,0.0,0.0,3.0,0.0,0.0,0.0,0.0,0.0,0.0,0.0,0.0,0.0,3.0,0.0,0.0,1.0,0.0,0.0,4.0,0.0,0.0,0.0,0.0,0.0,4.0,0.0,0.0,0.0,1.0,0.0,0.0,0.0,0.0,0.0,0.0,0.0,0.0,0.0,0.0,0.0,0.0,1.0
2025-11-14 04:00:00+00:00,0.0,0.0,0.0,1.0,0.0,0.0,0.0,30.0,0.0,0.0,0.0,0.0,0.0,0.0,0.0,0.0,0.0,0.0,0.0,3.0,0.0,0.0,0.0,0.0,0.0,0.0,0.0,0.0,1.0,0.0,0.0,10.0,0.0,0.0,1.0,0.0,27.0,0.0,0.0,0.0,0.0,0.0,0.0,0.0,0.0,0.0,0.0,0.0,0.0,0.0
2025-11-14 05:00:00+00:00,9.0,0.0,1.0,9.0,0.0,0.0,1.0,91.0,0.0,0.0,1.0,0.0,3.0,3.0,12.0,6.0,3.0,0.0,1.0,26.0,1.0,0.0,2.0,5.0,1.0,1.0,2.0,40.0,0.0,8.0,32.0,3.0,12.0,7.0,16.0,15.0,34.0,2.0,3.0,0.0,0.0,0.0,1.0,0.0,1.0,3.0,69.0,0.0,10.0,5.0
2025-11-14 06:00:00+00:00,26.0,0.0,0.0,0.0,0.0,0.0,0.0,39.0,90.0,0.0,1.0,0.0,1.0,0.0,1.0,0.0,0.0,90.0,0.0,35.0,30.0,0.0,0.0,21.0,0.0,0.0,0.0,1.0,0.0,2.0,0.0,0.0,102.0,2.0,0.0,1.0,0.0,0.0,0.0,0.0,0.0,0.0,1.0,0.0,10.0,0.0,11.0,0.0,1.0,0.0
2025-11-14 07:00:00+00:00,0.0,0.0,0.0,0.0,40.0,1287.0,0.0,183.0,0.0,111.0,0.0,0.0,11.0,0.0,101.0,0.0,1.0,0.0,35.0,0.0,0.0,2.0,0.0,1.0,0.0,0.0,0.0,0.0,0.0,1.0,10.0,0.0,32.0,80.0,0.0,0.0,0.0,0.0,0.0,0.0,13.0,0.0,16.0,1.0,0.0,0.0,0.0,0.0,1.0,0.0
2025-11-14 08:00:00+00:00,1.0,1.0,1.0,80.0,0.0,0.0,0.0,45.0,0.0,222.0,0.0,0.0,6.0,1.0,1.0,1.0,0.0,0.0,0.0,0.0,0.0,0.0,1.0,0.0,0.0,70.0,0.0,0.0,1.0,0.0,5.0,0.0,10.0,40.0,0.0,6.0,0.0,0.0,1.0,36.0,0.0,0.0,2.0,21.0,0.0,0.0,1.0,0.0,1.0,0.0
2025-11-14 09:00:00+00:00,1.0,0.0,0.0,0.0,0.0,1.0,0.0,37.0,0.0,11.0,0.0,1.0,2.0,45.0,0.0,0.0,2.0,0.0,0.0,14.0,0.0,0.0,1.0,0.0,0.0,42.0,1.0,0.0,1.0,0.0,1.0,0.0,22.0,1.0,100.0,21.0,0.0,0.0,0.0,4.0,0.0,0.0,310.0,20.0,8.0,1.0,0.0,0.0,0.0,0.0
2025-11-14 10:00:00+00:00,0.0,0.0,0.0,0.0,0.0,0.0,0.0,13.0,0.0,0.0,0.0,10.0,15.0,0.0,15.0,1.0,10.0,25.0,10.0,0.0,0.0,0.0,10.0,0.0,0.0,10.0,10.0,0.0,0.0,0.0,1.0,0.0,4.0,0.0,10.0,1.0,0.0,0.0,0.0,0.0,0.0,0.0,0.0,0.0,0.0,0.0,0.0,0.0,0.0,0.0
2025-11-14 11:00:00+00:00,14.0,3.0,3.0,4.0,9.0,1.0,2.0,26.0,7.0,5.0,6.0,7.0,2.0,6.0,5.0,1.0,5.0,10.0,18.0,8.0,7.0,1.0,4.0,7.0,5.0,1.0,2.0,10.0,2.0,3.0,9.0,3.0,10.0,6.0,1.0,9.0,6.0,1.0,4.0,10.0,1.0,1.0,4.0,3.0,1.0,3.0,7.0,1.0,4.0,6.0
2025-11-14 12:00:00+00:00,0.0,0.0,0.0,0.0,0.0,0.0,0.0,185.0,0.0,0.0,2.0,1.0,0.0,0.0,1.0,0.0,0.0,0.0,1.0,15.0,0.0,0.0,0.0,0.0,0.0,0.0,1.0,0.0,30.0,0.0,0.0,0.0,13.0,0.0,281.0,0.0,1.0,2.0,0.0,0.0,0.0,0.0,1.0,0.0,0.0,0.0,7.0,0.0,0.0,0.0
2025-11-14 13:00:00+00:00,0.0,0.0,0.0,15.0,0.0,0.0,0.0,0.0,0.0,0.0,0.0,0.0,0.0,0.0,0.0,7.0,0.0,0.0,0.0,0.0,0.0,0.0,0.0,0.0,0.0,0.0,0.0,0.0,0.0,0.0,0.0,0.0,30.0,0.0,0.0,0.0,80.0,0.0,0.0,500.0,0.0,0.0,0.0,0.0,0.0,0.0,0.0,0.0,0.0,4.0
2025-11-14 14:00:00+00:00,1.0,0.0,0.0,1.0,0.0,0.0,0.0,0.0,0.0,59.0,0.0,0.0,0.0,0.0,21.0,0.0,0.0,1.0,1.0,0.0,18.0,0.0,10.0,0.0,0.0,0.0,30.0,1.0,0.0,0.0,0.0,0.0,1.0,1.0,0.0,0.0,15.0,0.0,0.0,0.0,20.0,0.0,0.0,7.0,0.0,0.0,0.0,0.0,0.0,1.0
2025-11-14 15:00:00+00:00,0.0,40.0,0.0,0.0,0.0,45.0,0.0,1.0,0.0,0.0,5.0,41.0,1.0,0.0,50.0,1.0,40.0,1.0,2.0,1.0,0.0,2.0,0.0,0.0,101.0,251.0,0.0,0.0,100.0,0.0,0.0,0.0,10.0,0.0,0.0,0.0,0.0,5.0,0.0,41.0,4.0,0.0,101.0,117.0,1.0,0.0,0.0,0.0,0.0,0.0
2025-11-14 16:00:00+00:00,0.0,0.0,0.0,0.0,0.0,0.0,0.0,10.0,1.0,0.0,1.0,42.0,0.0,5.0,20.0,1.0,0.0,0.0,46.0,0.0,20.0,0.0,0.0,30.0,0.0,0.0,5.0,3.0,0.0,0.0,1.0,0.0,13.0,0.0,0.0,40.0,0.0,0.0,0.0,0.0,0.0,0.0,1.0,0.0,0.0,0.0,20.0,0.0,20.0,55.0
2025-11-14 17:00:00+00:00,2.0,2.0,0.0,0.0,0.0,0.0,120.0,62.0,0.0,0.0,4.0,2.0,72.0,0.0,46.0,0.0,2.0,16.0,0.0,0.0,0.0,4.0,30.0,0.0,10.0,0.0,12.0,0.0,0.0,0.0,20.0,8.0,4.0,22.0,4.0,0.0,2.0,0.0,2.0,0.0,2.0,2.0,18.0,0.0,1114.0,2.0,2.0,0.0,0.0,64.0
2025-11-14 18:00:00+00:00,796.0,20.0,0.0,162.0,0.0,0.0,2.0,1514.0,2.0,0.0,0.0,0.0,4.0,14.0,350.0,122.0,234.0,216.0,222.0,4.0,2.0,400.0,222.0,4.0,2.0,276.0,16.0,22.0,24.0,0.0,2.0,214.0,656.0,200.0,4.0,30.0,212.0,8.0,214.0,2.0,2.0,0.0,234.0,214.0,0.0,46.0,336.0,12.0,0.0,5592.0
2025-11-14 19:00:00+00:00,682.0,0.0,0.0,2.0,80.0,206.0,0.0,514.0,2.0,402.0,222.0,84.0,312.0,408.0,40.0,2.0,80.0,764.0,380.0,40.0,20.0,200.0,20.0,80.0,80.0,4.0,252.0,22.0,0.0,0.0,402.0,0.0,1404.0,680.0,130.0,0.0,54.0,220.0,0.0,606.0,0.0,0.0,32.0,84.0,0.0,3150.0,2.0,0.0,1024.0,224.0
2025-11-14 20:00:00+00:00,2.0,6.0,0.0,2.0,0.0,2.0,0.0,1920.0,4.0,0.0,0.0,126.0,6.0,1002.0,0.0,2.0,0.0,0.0,160.0,6.0,0.0,0.0,0.0,2.0,0.0,0.0,4.0,0.0,0.0,0.0,0.0,2.0,310.0,0.0,2.0,20.0,0.0,0.0,0.0,26.0,2.0,0.0,8.0,0.0,10.0,0.0,6.0,10.0,0.0,36.0
2025-11-14 21:00:00+00:00,0.0,0.0,0.0,0.0,0.0,0.0,0.0,48.0,0.0,42.0,0.0,0.0,22.0,2000.0,4.0,0.0,20.0,0.0,0.0,110.0,0.0,0.0,0.0,80.0,80.0,0.0,6.0,0.0,98.0,0.0,4.0,0.0,42.0,0.0,0.0,4.0,0.0,0.0,0.0,2.0,10.0,0.0,102.0,60.0,16.0,0.0,0.0,2.0,10.0,2.0
2025-11-14 22:00:00+00:00,8.0,0.0,6.0,52.0,0.0,8.0,0.0,302.0,60.0,0.0,28.0,0.0,142.0,8.0,1006.0,4.0,80.0,8.0,34.0,6.0,2.0,0.0,20.0,0.0,4.0,32.0,202.0,80.0,2.0,970.0,0.0,4.0,38.0,0.0,0.0,4.0,0.0,8.0,134.0,72.0,12.0,0.0,18.0,12.0,426.0,60.0,216.0,0.0,4.0,20.0
2025-11-14 23:00:00+00:00,0.0,0.0,0.0,0.0,60.0,2.0,400.0,2.0,100.0,60.0,22.0,40.0,24.0,180.0,0.0,0.0,0.0,0.0,20.0,0.0,400.0,0.0,0.0,374.0,20.0,0.0,0.0,38.0,40.0,4.0,0.0,0.0,2.0,10.0,0.0,0.0,2.0,0.0,0.0,200.0,0.0,0.0,12.0,0.0,4.0,0.0,0.0,0.0,480.0,20.0
2025-11-15 00:00:00+00:00,0.0,8.0,0.0,2.0,0.0,0.0,340.0,2740.0,6.0,20.0,0.0,40.0,56.0,0.0,0.0,0.0,0.0,34.0,40.0,2.0,20.0,60.0,6.0,0.0,0.0,0.0,40.0,0.0,0.0,0.0,0.0,8.0,30.0,50.0,0.0,600.0,0.0,0.0,36.0,0.0,18.0,0.0,2.0,0.0,0.0,0.0,2.0,0.0,0.0,1084.0
2025-11-15 01:00:00+00:00,400.0,0.0,0.0,0.0,0.0,0.0,0.0,58.0,0.0,1162.0,0.0,0.0,0.0,2998.0,0.0,12.0,140.0,2.0,0.0,0.0,0.0,0.0,0.0,0.0,2.0,0.0,2.0,40.0,0.0,0.0,0.0,0.0,32.0,400.0,0.0,0.0,60.0,0.0,2.0,60.0,0.0,0.0,2.0,8.0,362.0,2.0,0.0,0.0,0.0,6.0
2025-11-15 02:00:00+00:00,82.0,0.0,0.0,1300.0,0.0,408.0,0.0,160.0,0.0,60.0,440.0,1400.0,2.0,1000.0,0.0,0.0,0.0,122.0,0.0,0.0,0.0,800.0,0.0,4000.0,0.0,0.0,24.0,0.0,0.0,1046.0,2.0,0.0,80.0,0.0,0.0,206.0,234.0,4.0,0.0,0.0,0.0,0.0,80.0,0.0,100.0,0.0,0.0,4000.0,0.0,406.0
2025-11-15 03:00:00+00:00,0.0,0.0,0.0,110.0,0.0,0.0,0.0,6.0,0.0,0.0,40.0,0.0,0.0,0.0,0.0,0.0,30.0,0.0,30.0,18.0,0.0,0.0,0.0,0.0,0.0,84.0,4.0,22.0,0.0,0.0,60.0,92.0,160.0,0.0,0.0,80.0,0.0,0.0,100.0,182.0,0.0,0.0,6.0,2.0,0.0,0.0,80.0,0.0,0.0,0.0
2025-11-15 04:00:00+00:00,200.0,0.0,0.0,0.0,0.0,0.0,0.0,220.0,0.0,40.0,0.0,240.0,1800.0,0.0,0.0,6402.0,8.0,0.0,176.0,0.0,30.0,80.0,0.0,0.0,0.0,0.0,0.0,800.0,0.0,0.0,160.0,0.0,180.0,280.0,0.0,6.0,20.0,0.0,0.0,0.0,0.0,0.0,0.0,0.0,0.0,4.0,6.0,0.0,400.0,0.0
2025-11-15 05:00:00+00:00,0.0,82.0,0.0,0.0,44.0,0.0,0.0,92.0,40.0,1080.0,30.0,2.0,676.0,5036.0,2.0,300.0,2.0,200.0,20.0,0.0,200.0,80.0,0.0,0.0,0.0,0.0,0.0,160.0,292.0,0.0,40.0,0.0,250.0,250.0,0.0,0.0,2.0,0.0,0.0,200.0,0.0,0.0,210.0,0.0,0.0,0.0,0.0,0.0,0.0,2000.0
2025-11-15 06:00:00+00:00,2.0,0.0,2.0,2.0,2.0,2.0,0.0,166.0,2.0,22.0,32.0,4.0,60.0,142.0,2.0,2.0,0.0,142.0,44.0,32.0,2.0,10.0,0.0,2.0,0.0,160.0,2.0,2.0,0.0,2.0,2.0,12.0,10.0,2.0,0.0,82.0,686.0,2.0,0.0,0.0,2.0,0.0,0.0,0.0,2.0,2.0,2.0,2.0,12.0,202.0
2025-11-15 07:00:00+00:00,0.0,0.0,0.0,0.0,0.0,0.0,0.0,2.0,0.0,0.0,0.0,0.0,0.0,0.0,0.0,10.0,0.0,400.0,60.0,10.0,0.0,0.0,60.0,0.0,0.0,0.0,0.0,0.0,0.0,0.0,0.0,2.0,0.0,0.0,0.0,0.0,12.0,0.0,0.0,300.0,2.0,0.0,0.0,0.0,0.0,0.0,0.0,0.0,0.0,0.0
2025-11-15 08:00:00+00:00,10.0,20.0,0.0,0.0,0.0,0.0,0.0,0.0,200.0,0.0,0.0,0.0,0.0,0.0,0.0,0.0,0.0,0.0,30.0,0.0,0.0,0.0,166.0,0.0,0.0,0.0,524.0,0.0,0.0,0.0,0.0,0.0,0.0,0.0,0.0,0.0,20.0,0.0,2.0,0.0,0.0,0.0,0.0,0.0,20.0,0.0,72.0,0.0,0.0,0.0
2025-11-15 09:00:00+00:00,0.0,6.0,0.0,182.0,0.0,0.0,0.0,2.0,0.0,0.0,0.0,0.0,30.0,2.0,0.0,0.0,30.0,40.0,0.0,0.0,0.0,0.0,10.0,0.0,0.0,0.0,140.0,0.0,0.0,0.0,0.0,6.0,630.0,0.0,140.0,0.0,8.0,0.0,0.0,0.0,1000.0,0.0,6.0,0.0,2.0,0.0,0.0,0.0,18.0,2952.0
2025-11-15 10:00:00+00:00,32.0,0.0,0.0,18.0,10.0,0.0,0.0,26.0,10.0,0.0,0.0,20.0,0.0,0.0,10.0,10.0,4.0,0.0,0.0,0.0,4.0,10.0,0.0,2.0,0.0,0.0,0.0,12.0,0.0,0.0,10.0,0.0,2.0,0.0,20.0,0.0,0.0,2.0,0.0,250.0,0.0,0.0,4.0,0.0,0.0,0.0,0.0,0.0,12.0,0.0
2025-11-15 11:00:00+00:00,0.0,0.0,6.0,6.0,2.0,0.0,4.0,144.0,0.0,2.0,0.0,2.0,404.0,0.0,0.0,2.0,2.0,170.0,0.0,120.0,234.0,2.0,2.0,2.0,0.0,6.0,0.0,22.0,0.0,2.0,2.0,0.0,36.0,0.0,0.0,0.0,0.0,0.0,0.0,402.0,0.0,0.0,40.0,0.0,8.0,2.0,0.0,800.0,0.0,100.0
2025-11-15 12:00:00+00:00,0.0,60.0,0.0,0.0,0.0,2.0,0.0,2.0,0.0,0.0,0.0,0.0,2.0,600.0,2.0,2.0,0.0,2.0,0.0,2.0,12.0,2.0,0.0,0.0,2.0,2.0,0.0,0.0,0.0,0.0,26.0,0.0,2.0,0.0,0.0,0.0,2.0,0.0,0.0,2.0,4.0,0.0,114.0,0.0,90.0,0.0,2.0,0.0,0.0,0.0
2025-11-15 13:00:00+00:00,0.0,0.0,10.0,12.0,0.0,0.0,0.0,0.0,0.0,0.0,0.0,0.0,0.0,0.0,0.0,6.0,0.0,0.0,0.0,0.0,0.0,0.0,0.0,0.0,0.0,0.0,0.0,0.0,0.0,0.0,10.0,0.0,10.0,0.0,0.0,10.0,0.0,0.0,0.0,0.0,120.0,0.0,0.0,0.0,0.0,0.0,0.0,0.0,0.0,2.0
2025-11-15 14:00:00+00:00,0.0,0.0,2.0,0.0,0.0,0.0,0.0,206.0,0.0,0.0,0.0,0.0,0.0,3394.0,0.0,0.0,0.0,0.0,0.0,0.0,0.0,0.0,0.0,2.0,2.0,2.0,0.0,0.0,0.0,0.0,8.0,2.0,60.0,0.0,0.0,2.0,0.0,0.0,0.0,0.0,0.0,0.0,0.0,0.0,82.0,0.0,0.0,2.0,0.0,0.0
2025-11-15 15:00:00+00:00,2.0,0.0,0.0,4.0,0.0,2.0,0.0,22.0,160.0,20.0,2.0,0.0,2.0,2.0,42.0,2.0,0.0,0.0,8.0,0.0,0.0,2.0,0.0,0.0,202.0,10.0,22.0,0.0,0.0,0.0,44.0,0.0,4.0,2.0,0.0,2.0,0.0,2.0,0.0,0.0,0.0,2.0,2002.0,0.0,2.0,0.0,0.0,2.0,444.0,2.0
2025-11-15 16:00:00+00:00,30.0,0.0,0.0,0.0,376.0,0.0,0.0,20.0,0.0,200.0,0.0,2.0,38.0,0.0,0.0,0.0,38.0,8.0,8.0,2.0,200.0,160.0,0.0,0.0,0.0,1000.0,0.0,80.0,0.0,0.0,20.0,0.0,110.0,26.0,6.0,20.0,52.0,0.0,0.0,38.0,186.0,0.0,0.0,0.0,0.0,20.0,20.0,20.0,0.0,0.0
2025-11-15 17:00:00+00:00,0.0,0.0,0.0,2.0,0.0,10.0,0.0,10.0,2.0,0.0,4.0,0.0,0.0,6.0,2.0,6.0,2.0,0.0,376.0,0.0,0.0,0.0,2.0,0.0,2.0,2.0,8.0,0.0,0.0,0.0,0.0,0.0,2.0,2.0,0.0,140.0,0.0,0.0,0.0,28.0,0.0,0.0,4.0,0.0,2.0,1110.0,0.0,2.0,4.0,10.0
2025-11-15 18:00:00+00:00,0.0,0.0,0.0,2.0,0.0,0.0,0.0,232.0,0.0,0.0,0.0,0.0,0.0,0.0,10.0,0.0,0.0,4.0,12.0,0.0,0.0,0.0,2.0,0.0,0.0,0.0,4.0,140.0,0.0,0.0,0.0,0.0,2.0,2.0,2.0,0.0,0.0,0.0,0.0,62.0,0.0,0.0,0.0,0.0,0.0,0.0,0.0,0.0,2.0,0.0
2025-11-15 19:00:00+00:00,0.0,200.0,2.0,262.0,2.0,0.0,0.0,322.0,0.0,0.0,0.0,0.0,0.0,4.0,2.0,0.0,4.0,0.0,0.0,178.0,6.0,0.0,0.0,0.0,0.0,0.0,284.0,0.0,20.0,0.0,2.0,2.0,0.0,4.0,0.0,0.0,22.0,4.0,0.0,60.0,0.0,0.0,0.0,0.0,20.0,0.0,0.0,0.0,400.0,0.0
2025-11-15 20:00:00+00:00,0.0,6.0,0.0,0.0,20.0,0.0,0.0,80.0,0.0,20.0,16.0,60.0,0.0,2.0,4.0,2.0,0.0,2.0,2.0,0.0,0.0,0.0,0.0,0.0,0.0,0.0,0.0,0.0,0.0,2.0,44.0,2.0,2.0,2.0,0.0,0.0,0.0,0.0,26.0,0.0,10.0,0.0,20.0,0.0,0.0,0.0,0.0,0.0,6.0,0.0
2025-11-15 21:00:00+00:00,0.0,0.0,0.0,0.0,0.0,2.0,0.0,2.0,20.0,0.0,0.0,0.0,0.0,0.0,2.0,800.0,74.0,0.0,0.0,0.0,0.0,0.0,0.0,0.0,0.0,1074.0,0.0,0.0,0.0,0.0,0.0,86.0,0.0,0.0,0.0,0.0,0.0,0.0,3000.0,200.0,0.0,0.0,2.0,0.0,2.0,0.0,0.0,0.0,0.0,202.0
2025-11-15 22:00:00+00:00,0.0,0.0,0.0,0.0,0.0,0.0,0.0,2.0,0.0,200.0,2.0,0.0,2.0,0.0,0.0,0.0,0.0,0.0,0.0,0.0,0.0,0.0,0.0,0.0,0.0,2.0,2.0,1910.0,0.0,0.0,0.0,0.0,2.0,0.0,0.0,2.0,0.0,0.0,0.0,0.0,0.0,0.0,0.0,0.0,0.0,0.0,0.0,0.0,0.0,2.0
2025-11-15 23:00:00+00:00,0.0,8.0,0.0,4.0,6.0,2.0,2.0,0.0,0.0,0.0,2.0,0.0,2.0,2.0,0.0,2000.0,0.0,2.0,0.0,2.0,6.0,2.0,0.0,0.0,0.0,2.0,82.0,0.0,0.0,40.0,0.0,2.0,2.0,2.0,0.0,0.0,2.0,0.0,0.0,160.0,4.0,0.0,2000.0,0.0,2.0,1890.0,2.0,0.0,2.0,2.0
2025-11-16 00:00:00+00:00,0.0,0.0,0.0,0.0,0.0,0.0,0.0,2.0,0.0,40.0,0.0,632.0,0.0,140.0,0.0,0.0,0.0,0.0,0.0,0.0,0.0,2.0,0.0,0.0,0.0,0.0,512.0,0.0,0.0,0.0,0.0,10.0,0.0,0.0,0.0,0.0,298.0,0.0,2.0,0.0,0.0,0.0,32.0,0.0,0.0,0.0,0.0,0.0,0.0,0.0
2025-11-16 01:00:00+00:00,0.0,0.0,0.0,0.0,0.0,0.0,0.0,0.0,0.0,0.0,0.0,0.0,0.0,1128.0,2.0,0.0,0.0,0.0,0.0,0.0,0.0,0.0,0.0,0.0,0.0,0.0,0.0,0.0,0.0,0.0,0.0,0.0,2.0,0.0,0.0,0.0,0.0,0.0,0.0,0.0,0.0,0.0,142.0,0.0,0.0,0.0,0.0,0.0,0.0,2.0
2025-11-16 02:00:00+00:00,0.0,0.0,0.0,0.0,0.0,0.0,0.0,0.0,0.0,0.0,0.0,0.0,0.0,0.0,0.0,0.0,0.0,0.0,0.0,0.0,0.0,0.0,0.0,0.0,0.0,0.0,0.0,40.0,0.0,0.0,0.0,0.0,24.0,60.0,0.0,0.0,0.0,0.0,0.0,0.0,0.0,0.0,4.0,0.0,0.0,0.0,0.0,0.0,0.0,0.0
2025-11-16 03:00:00+00:00,200.0,20.0,0.0,0.0,0.0,0.0,0.0,4.0,140.0,0.0,80.0,0.0,2.0,82.0,0.0,2.0,0.0,80.0,94.0,20.0,0.0,0.0,0.0,0.0,0.0,0.0,82.0,0.0,0.0,0.0,0.0,0.0,0.0,200.0,0.0,10.0,0.0,0.0,0.0,2.0,0.0,0.0,0.0,0.0,220.0,2.0,0.0,0.0,0.0,554.0
2025-11-16 04:00:00+00:00,0.0,0.0,2.0,0.0,0.0,0.0,0.0,4.0,0.0,0.0,0.0,0.0,0.0,0.0,0.0,0.0,2.0,952.0,0.0,0.0,0.0,0.0,62.0,0.0,0.0,0.0,2.0,0.0,0.0,2.0,0.0,2.0,0.0,0.0,2.0,0.0,0.0,0.0,0.0,0.0,2.0,2.0,80.0,0.0,2.0,0.0,2.0,0.0,0.0,494.0
2025-11-16 05:00:00+00:00,0.0,0.0,0.0,0.0,0.0,0.0,0.0,202.0,0.0,200.0,0.0,2.0,400.0,1402.0,138.0,2.0,2.0,0.0,0.0,0.0,0.0,0.0,60.0,0.0,0.0,0.0,0.0,0.0,0.0,0.0,0.0,0.0,2.0,0.0,0.0,50.0,0.0,0.0,0.0,0.0,6.0,0.0,0.0,0.0,0.0,0.0,0.0,2.0,60.0,2.0
2025-11-16 06:00:00+00:00,0.0,0.0,2.0,0.0,0.0,0.0,0.0,22.0,60.0,0.0,0.0,2.0,0.0,0.0,8.0,0.0,0.0,0.0,0.0,0.0,0.0,0.0,2.0,0.0,30.0,0.0,0.0,0.0,0.0,0.0,0.0,0.0,20.0,0.0,2.0,0.0,0.0,0.0,0.0,0.0,0.0,0.0,0.0,0.0,0.0,0.0,20.0,0.0,0.0,0.0
2025-11-16 07:00:00+00:00,0.0,0.0,0.0,0.0,0.0,0.0,0.0,4.0,0.0,56.0,0.0,0.0,60.0,1000.0,64.0,0.0,0.0,0.0,0.0,0.0,42.0,10.0,0.0,10.0,44.0,0.0,0.0,0.0,0.0,0.0,0.0,0.0,10.0,42.0,0.0,0.0,2.0,2.0,0.0,26.0,0.0,0.0,58.0,0.0,56.0,0.0,326.0,0.0,0.0,0.0
2025-11-16 08:00:00+00:00,0.0,0.0,0.0,0.0,2.0,0.0,0.0,0.0,0.0,70.0,0.0,0.0,0.0,2.0,0.0,2.0,2.0,0.0,0.0,2.0,0.0,0.0,0.0,0.0,0.0,0.0,0.0,800.0,0.0,0.0,800.0,0.0,0.0,0.0,0.0,0.0,0.0,0.0,0.0,2.0,2.0,0.0,0.0,0.0,0.0,0.0,0.0,0.0,0.0,6.0
2025-11-16 09:00:00+00:00,0.0,22.0,0.0,0.0,0.0,0.0,0.0,20.0,0.0,68.0,0.0,40.0,0.0,0.0,0.0,0.0,0.0,0.0,0.0,0.0,0.0,2.0,0.0,0.0,0.0,0.0,0.0,0.0,0.0,0.0,0.0,0.0,72.0,54.0,2.0,20.0,2.0,0.0,0.0,20.0,60.0,0.0,0.0,0.0,0.0,0.0,0.0,0.0,0.0,0.0
2025-11-16 10:00:00+00:00,0.0,0.0,0.0,0.0,0.0,0.0,0.0,0.0,0.0,0.0,0.0,2.0,36.0,0.0,0.0,0.0,0.0,4.0,0.0,0.0,0.0,0.0,10.0,0.0,0.0,0.0,0.0,0.0,380.0,0.0,2.0,50.0,0.0,0.0,0.0,0.0,0.0,0.0,0.0,0.0,2.0,0.0,0.0,0.0,0.0,0.0,0.0,0.0,0.0,0.0
2025-11-16 11:00:00+00:00,0.0,0.0,0.0,0.0,0.0,0.0,0.0,266.0,0.0,20.0,0.0,0.0,2.0,0.0,0.0,0.0,0.0,0.0,0.0,0.0,20.0,0.0,0.0,0.0,0.0,0.0,0.0,0.0,0.0,0.0,2.0,0.0,0.0,0.0,0.0,0.0,0.0,0.0,0.0,0.0,0.0,0.0,0.0,0.0,0.0,0.0,0.0,40.0,0.0,0.0
2025-11-16 12:00:00+00:00,4.0,0.0,20.0,0.0,0.0,4.0,2.0,6.0,0.0,0.0,6.0,0.0,0.0,4.0,20.0,0.0,0.0,0.0,0.0,4.0,24.0,0.0,0.0,4.0,0.0,0.0,4.0,0.0,0.0,0.0,0.0,0.0,34.0,124.0,0.0,0.0,0.0,4.0,0.0,0.0,0.0,0.0,140.0,0.0,0.0,0.0,0.0,0.0,0.0,4.0
2025-11-16 13:00:00+00:00,0.0,10.0,20.0,0.0,0.0,10.0,2.0,36.0,20.0,0.0,642.0,10.0,12.0,0.0,0.0,0.0,0.0,0.0,6.0,10.0,0.0,10.0,2.0,4.0,4.0,2.0,58.0,0.0,2.0,0.0,14.0,0.0,24.0,0.0,10.0,10.0,12.0,2.0,2.0,0.0,0.0,0.0,2.0,2.0,4.0,0.0,0.0,0.0,10.0,14.0
2025-11-16 14:00:00+00:00,0.0,0.0,0.0,80.0,40.0,0.0,0.0,4.0,0.0,84.0,82.0,0.0,2.0,0.0,30.0,12.0,0.0,96.0,0.0,84.0,0.0,2.0,0.0,2.0,0.0,140.0,0.0,0.0,2.0,20.0,4.0,0.0,16.0,2.0,0.0,0.0,142.0,2.0,0.0,82.0,2.0,0.0,6878.0,0.0,4.0,2.0,4.0,0.0,0.0,2.0
2025-11-16 15:00:00+00:00,22.0,0.0,12.0,60.0,0.0,0.0,0.0,1006.0,0.0,8.0,0.0,0.0,16.0,1800.0,2.0,0.0,0.0,4.0,4.0,0.0,0.0,20.0,0.0,0.0,0.0,0.0,0.0,0.0,40.0,800.0,0.0,0.0,12.0,0.0,0.0,4.0,0.0,0.0,0.0,260.0,80.0,0.0,10.0,0.0,124.0,0.0,0.0,0.0,2.0,0.0
2025-11-16 16:00:00+00:00,2.0,540.0,0.0,1314.0,80.0,2.0,200.0,10.0,288.0,400.0,2.0,400.0,0.0,2.0,0.0,2.0,0.0,0.0,0.0,2.0,202.0,200.0,0.0,2.0,2.0,0.0,2.0,0.0,2.0,0.0,1354.0,4.0,204.0,92.0,2.0,200.0,0.0,2.0,0.0,0.0,0.0,0.0,8.0,0.0,0.0,0.0,0.0,80.0,0.0,82.0
2025-11-16 17:00:00+00:00,0.0,0.0,0.0,0.0,0.0,0.0,0.0,510.0,0.0,0.0,0.0,0.0,0.0,1818.0,1.0,0.0,0.0,0.0,0.0,20.0,1.0,1.0,2402.0,0.0,1.0,20.0,0.0,0.0,0.0,0.0,0.0,120.0,1.0,0.0,0.0,0.0,2.0,0.0,0.0,0.0,0.0,0.0,550.0,0.0,0.0,1.0,0.0,0.0,0.0,0.0
2025-11-16 18:00:00+00:00,20.0,0.0,0.0,27.0,0.0,0.0,0.0,22.0,0.0,0.0,0.0,0.0,0.0,2.0,0.0,0.0,0.0,0.0,0.0,0.0,0.0,0.0,400.0,0.0,0.0,312.0,0.0,300.0,20.0,0.0,1.0,0.0,20.0,0.0,4.0,0.0,20.0,0.0,0.0,0.0,0.0,0.0,22.0,0.0,2.0,0.0,20.0,0.0,0.0,800.0
2025-11-16 19:00:00+00:00,5.0,0.0,1.0,0.0,0.0,0.0,0.0,2.0,823.0,0.0,2290.0,2.0,0.0,1002.0,2.0,2.0,2.0,5.0,1.0,0.0,0.0,0.0,200.0,0.0,10.0,0.0,23.0,0.0,0.0,0.0,0.0,0.0,0.0,0.0,0.0,0.0,3.0,0.0,5.0,2.0,20.0,0.0,408.0,0.0,0.0,20.0,0.0,0.0,0.0,1200.0
2025-11-16 20:00:00+00:00,0.0,0.0,0.0,6.0,0.0,0.0,0.0,2.0,0.0,0.0,0.0,0.0,0.0,2.0,2.0,0.0,0.0,200.0,0.0,10.0,0.0,0.0,0.0,0.0,0.0,1.0,0.0,0.0,0.0,3220.0,0.0,0.0,0.0,6.0,4000.0,3600.0,18.0,2.0,0.0,0.0,0.0,0.0,1.0,1.0,16.0,3600.0,4.0,0.0,0.0,2.0
2025-11-16 21:00:00+00:00,0.0,0.0,0.0,40.0,2.0,0.0,0.0,1.0,0.0,0.0,3.0,0.0,0.0,2.0,0.0,20.0,0.0,0.0,1.0,0.0,0.0,0.0,0.0,0.0,0.0,0.0,2.0,150.0,0.0,0.0,0.0,0.0,17.0,4.0,0.0,0.0,0.0,0.0,0.0,0.0,24.0,0.0,0.0,0.0,0.0,0.0,7.0,0.0,0.0,11.0
2025-11-16 22:00:00+00:00,2.0,0.0,0.0,10.0,4.0,0.0,0.0,4.0,0.0,0.0,0.0,0.0,15.0,0.0,0.0,0.0,5.0,0.0,0.0,0.0,0.0,20.0,15.0,0.0,0.0,2.0,0.0,0.0,0.0,0.0,0.0,0.0,0.0,0.0,0.0,2.0,0.0,0.0,20.0,10.0,0.0,0.0,20.0,0.0,0.0,5.0,0.0,0.0,0.0,0.0
2025-11-16 23:00:00+00:00,0.0,0.0,0.0,0.0,0.0,60.0,0.0,0.0,0.0,0.0,0.0,0.0,0.0,5994.0,0.0,0.0,1.0,2.0,0.0,1.0,40.0,0.0,0.0,0.0,0.0,1.0,0.0,0.0,0.0,0.0,0.0,60.0,0.0,0.0,0.0,0.0,0.0,0.0,2.0,1.0,0.0,0.0,1.0,0.0,0.0,0.0,0.0,0.0,0.0,0.0
2025-11-17 00:00:00+00:00,0.0,0.0,0.0,0.0,0.0,0.0,0.0,0.0,0.0,0.0,1.0,0.0,0.0,0.0,0.0,0.0,0.0,0.0,0.0,0.0,0.0,0.0,0.0,0.0,0.0,0.0,0.0,0.0,0.0,0.0,0.0,0.0,638.0,0.0,0.0,0.0,0.0,0.0,0.0,0.0,75.0,0.0,0.0,0.0,0.0,0.0,0.0,0.0,0.0,0.0
2025-11-17 01:00:00+00:00,102.0,0.0,0.0,200.0,1.0,0.0,0.0,1.0,1.0,33.0,0.0,0.0,3.0,0.0,0.0,0.0,2.0,0.0,0.0,0.0,1.0,0.0,10.0,0.0,2.0,0.0,0.0,3.0,1.0,60.0,1.0,0.0,2.0,0.0,0.0,1.0,0.0,2.0,0.0,2.0,4.0,0.0,0.0,0.0,0.0,0.0,1.0,0.0,2.0,2.0
2025-11-17 02:00:00+00:00,0.0,10.0,0.0,0.0,24.0,0.0,0.0,0.0,0.0,61.0,0.0,0.0,0.0,0.0,0.0,0.0,0.0,0.0,0.0,0.0,0.0,80.0,0.0,0.0,20.0,0.0,0.0,20.0,0.0,0.0,0.0,0.0,0.0,0.0,0.0,30.0,0.0,0.0,0.0,4.0,0.0,0.0,0.0,0.0,0.0,0.0,0.0,0.0,0.0,0.0
2025-11-17 03:00:00+00:00,0.0,0.0,0.0,80.0,0.0,0.0,0.0,0.0,0.0,0.0,8.0,0.0,0.0,0.0,7.0,0.0,0.0,0.0,0.0,0.0,0.0,0.0,10.0,0.0,0.0,0.0,0.0,0.0,0.0,0.0,0.0,0.0,0.0,0.0,0.0,0.0,0.0,0.0,0.0,0.0,0.0,0.0,0.0,0.0,0.0,0.0,0.0,0.0,40.0,0.0
2025-11-17 04:00:00+00:00,8.0,4.0,0.0,12.0,8.0,4.0,0.0,7.0,0.0,0.0,4.0,2.0,6.0,1000.0,28.0,0.0,9.0,322.0,4.0,0.0,2.0,0.0,14.0,0.0,24.0,0.0,0.0,2.0,24.0,4.0,4.0,0.0,20.0,0.0,4.0,6.0,20.0,0.0,0.0,12.0,0.0,4.0,14.0,4.0,0.0,0.0,12.0,0.0,0.0,34.0
2025-11-17 05:00:00+00:00,0.0,0.0,0.0,0.0,0.0,0.0,0.0,0.0,0.0,0.0,2.0,0.0,0.0,2.0,0.0,342.0,0.0,0.0,0.0,0.0,0.0,0.0,10.0,0.0,0.0,0.0,124.0,0.0,0.0,0.0,0.0,0.0,17.0,0.0,200.0,0.0,0.0,0.0,0.0,0.0,0.0,0.0,0.0,0.0,0.0,0.0,1.0,1.0,0.0,8.0
2025-11-17 06:00:00+00:00,0.0,45.0,0.0,0.0,0.0,0.0,0.0,24.0,0.0,0.0,0.0,0.0,0.0,0.0,0.0,0.0,0.0,0.0,0.0,86.0,0.0,0.0,81.0,0.0,0.0,0.0,0.0,0.0,0.0,1.0,17572.0,0.0,0.0,0.0,60.0,0.0,0.0,2.0,0.0,0.0,0.0,0.0,0.0,0.0,0.0,0.0,0.0,0.0,0.0,2.0
2025-11-17 07:00:00+00:00,2.0,0.0,0.0,0.0,0.0,0.0,0.0,42.0,0.0,0.0,0.0,0.0,0.0,0.0,0.0,4620.0,0.0,1.0,0.0,0.0,0.0,0.0,20.0,0.0,0.0,3.0,0.0,0.0,37.0,0.0,0.0,3.0,0.0,0.0,0.0,0.0,1.0,0.0,0.0,0.0,0.0,0.0,0.0,73.0,0.0,0.0,0.0,0.0,0.0,0.0
2025-11-17 08:00:00+00:00,20.0,0.0,108.0,0.0,0.0,0.0,0.0,0.0,0.0,0.0,100.0,0.0,60.0,0.0,1000.0,734.0,0.0,30.0,0.0,0.0,40.0,1000.0,0.0,0.0,20.0,0.0,0.0,200.0,0.0,0.0,8.0,0.0,101.0,0.0,0.0,0.0,0.0,0.0,0.0,40.0,30.0,0.0,0.0,0.0,0.0,0.0,100.0,0.0,0.0,0.0
2025-11-17 09:00:00+00:00,1.0,0.0,40.0,0.0,0.0,0.0,0.0,41.0,81.0,0.0,0.0,80.0,43.0,0.0,101.0,100.0,0.0,1.0,1.0,0.0,0.0,200.0,10.0,0.0,0.0,1.0,1.0,0.0,0.0,0.0,1.0,0.0,170.0,0.0,0.0,95.0,1.0,0.0,0.0,1.0,0.0,0.0,0.0,1.0,0.0,0.0,1.0,100.0,101.0,1.0
2025-11-17 10:00:00+00:00,0.0,0.0,0.0,0.0,0.0,0.0,0.0,0.0,0.0,0.0,0.0,0.0,0.0,4994.0,0.0,0.0,0.0,0.0,0.0,0.0,0.0,0.0,0.0,0.0,0.0,0.0,0.0,0.0,0.0,0.0,0.0,0.0,0.0,0.0,0.0,0.0,0.0,0.0,0.0,0.0,0.0,0.0,0.0,0.0,0.0,0.0,0.0,0.0,0.0,0.0
2025-11-17 11:00:00+00:00,0.0,0.0,30.0,0.0,30.0,0.0,30.0,3.0,30.0,0.0,0.0,0.0,0.0,0.0,0.0,0.0,30.0,0.0,0.0,30.0,1.0,30.0,0.0,1.0,0.0,0.0,30.0,30.0,0.0,0.0,30.0,30.0,31.0,0.0,0.0,0.0,0.0,0.0,30.0,30.0,0.0,30.0,1.0,0.0,0.0,0.0,30.0,30.0,30.0,30.0
2025-11-17 12:00:00+00:00,0.0,0.0,0.0,0.0,0.0,0.0,0.0,1.0,0.0,0.0,0.0,238.0,0.0,0.0,0.0,0.0,10.0,0.0,0.0,0.0,0.0,0.0,40.0,0.0,0.0,0.0,0.0,0.0,160.0,0.0,0.0,0.0,500.0,0.0,0.0,0.0,0.0,0.0,0.0,0.0,0.0,0.0,0.0,0.0,0.0,0.0,0.0,0.0,0.0,0.0
2025-11-17 13:00:00+00:00,0.0,0.0,0.0,0.0,0.0,800.0,0.0,0.0,0.0,0.0,0.0,0.0,0.0,0.0,0.0,0.0,0.0,0.0,0.0,0.0,0.0,0.0,24.0,0.0,0.0,0.0,0.0,0.0,0.0,0.0,0.0,0.0,0.0,0.0,0.0,0.0,0.0,0.0,0.0,0.0,0.0,0.0,0.0,0.0,12.0,0.0,0.0,0.0,0.0,0.0
2025-11-17 14:00:00+00:00,0.0,0.0,2.0,0.0,0.0,0.0,0.0,0.0,0.0,0.0,0.0,0.0,0.0,0.0,0.0,0.0,0.0,0.0,0.0,0.0,40.0,0.0,0.0,0.0,0.0,840.0,0.0,0.0,0.0,0.0,4.0,200.0,2.0,0.0,0.0,2.0,0.0,0.0,0.0,0.0,0.0,0.0,0.0,0.0,0.0,0.0,0.0,0.0,0.0,0.0
2025-11-17 15:00:00+00:00,0.0,0.0,0.0,0.0,0.0,0.0,0.0,0.0,0.0,0.0,0.0,0.0,15.0,0.0,0.0,0.0,0.0,0.0,0.0,0.0,150.0,0.0,10.0,0.0,0.0,0.0,0.0,0.0,0.0,0.0,0.0,0.0,0.0,0.0,0.0,0.0,1.0,0.0,0.0,0.0,0.0,0.0,2.0,0.0,0.0,0.0,0.0,0.0,0.0,0.0
2025-11-17 16:00:00+00:00,0.0,0.0,0.0,0.0,0.0,0.0,0.0,0.0,0.0,0.0,0.0,0.0,400.0,0.0,1.0,0.0,0.0,0.0,0.0,0.0,400.0,0.0,0.0,0.0,0.0,0.0,0.0,0.0,0.0,0.0,0.0,0.0,0.0,0.0,0.0,0.0,1.0,0.0,0.0,0.0,0.0,0.0,341.0,100.0,0.0,0.0,0.0,0.0,0.0,0.0
2025-11-17 17:00:00+00:00,0.0,0.0,0.0,0.0,0.0,0.0,0.0,0.0,1.0,0.0,1.0,0.0,0.0,15.0,0.0,1.0,1.0,0.0,0.0,0.0,0.0,1.0,0.0,0.0,0.0,0.0,0.0,0.0,0.0,0.0,0.0,0.0,1.0,0.0,0.0,0.0,0.0,0.0,0.0,0.0,0.0,0.0,0.0,0.0,0.0,0.0,0.0,0.0,0.0,0.0
2025-11-17 18:00:00+00:00,0.0,40.0,0.0,0.0,0.0,0.0,0.0,1.0,40.0,15.0,0.0,40.0,0.0,0.0,0.0,1.0,0.0,0.0,0.0,0.0,0.0,0.0,0.0,0.0,0.0,0.0,0.0,40.0,0.0,0.0,5.0,0.0,0.0,0.0,10.0,0.0,0.0,0.0,0.0,0.0,15.0,0.0,0.0,0.0,0.0,0.0,0.0,0.0,0.0,0.0
2025-11-17 19:00:00+00:00,3.0,0.0,0.0,0.0,0.0,0.0,0.0,0.0,0.0,0.0,0.0,0.0,0.0,1090.0,0.0,0.0,0.0,0.0,1.0,0.0,0.0,0.0,1.0,0.0,4.0,0.0,0.0,0.0,0.0,0.0,1.0,0.0,30.0,0.0,0.0,0.0,4.0,0.0,0.0,0.0,0.0,0.0,4.0,0.0,0.0,0.0,0.0,0.0,0.0,0.0
2025-11-17 20:00:00+00:00,0.0,0.0,0.0,60.0,0.0,0.0,0.0,0.0,0.0,250.0,1.0,0.0,0.0,0.0,0.0,0.0,0.0,0.0,0.0,0.0,0.0,0.0,0.0,0.0,0.0,0.0,1.0,0.0,0.0,0.0,0.0,0.0,0.0,0.0,0.0,0.0,0.0,1.0,0.0,0.0,0.0,0.0,0.0,0.0,0.0,0.0,0.0,970.0,0.0,0.0
2025-11-17 21:00:00+00:00,0.0,0.0,0.0,0.0,0.0,0.0,0.0,0.0,0.0,0.0,0.0,0.0,0.0,0.0,0.0,0.0,0.0,80.0,0.0,0.0,0.0,0.0,0.0,0.0,0.0,0.0,40.0,0.0,0.0,0.0,0.0,0.0,0.0,0.0,0.0,0.0,0.0,0.0,0.0,0.0,0.0,0.0,0.0,0.0,0.0,0.0,0.0,0.0,0.0,0.0
2025-11-17 22:00:00+00:00,0.0,0.0,0.0,40.0,160.0,0.0,0.0,0.0,0.0,0.0,0.0,1.0,0.0,0.0,0.0,0.0,0.0,0.0,1.0,0.0,1.0,0.0,0.0,40.0,0.0,0.0,0.0,0.0,0.0,0.0,0.0,1.0,0.0,0.0,0.0,0.0,0.0,0.0,41.0,0.0,0.0,0.0,180.0,0.0,0.0,0.0,0.0,40.0,0.0,0.0
2025-11-17 23:00:00+00:00,0.0,0.0,0.0,0.0,0.0,0.0,0.0,1.0,0.0,0.0,0.0,0.0,0.0,0.0,0.0,0.0,0.0,0.0,0.0,0.0,0.0,0.0,0.0,0.0,0.0,0.0,0.0,0.0,0.0,0.0,0.0,1.0,0.0,0.0,0.0,0.0,0.0,0.0,0.0,0.0,0.0,0.0,0.0,0.0,1.0,0.0,0.0,0.0,0.0,1.0
2025-11-18 00:00:00+00:00,0.0,0.0,0.0,0.0,0.0,0.0,0.0,0.0,0.0,0.0,0.0,0.0,0.0,0.0,1.0,0.0,0.0,0.0,0.0,0.0,0.0,0.0,0.0,0.0,0.0,0.0,0.0,0.0,0.0,0.0,0.0,0.0,0.0,0.0,0.0,0.0,0.0,0.0,0.0,0.0,0.0,0.0,0.0,0.0,0.0,0.0,0.0,0.0,0.0,0.0
2025-11-18 01:00:00+00:00,0.0,0.0,0.0,0.0,0.0,0.0,0.0,2.0,0.0,0.0,0.0,0.0,0.0,0.0,0.0,0.0,1.0,0.0,0.0,0.0,350.0,0.0,0.0,0.0,0.0,0.0,0.0,0.0,0.0,0.0,0.0,0.0,1.0,0.0,0.0,0.0,0.0,0.0,0.0,0.0,0.0,0.0,0.0,0.0,0.0,1.0,0.0,0.0,0.0,0.0
2025-11-18 02:00:00+00:00,0.0,0.0,0.0,0.0,0.0,0.0,0.0,0.0,0.0,2.0,0.0,1.0,0.0,3.0,0.0,0.0,0.0,0.0,0.0,0.0,0.0,0.0,0.0,0.0,0.0,0.0,0.0,0.0,0.0,0.0,0.0,0.0,0.0,0.0,0.0,0.0,0.0,0.0,0.0,0.0,0.0,0.0,0.0,1.0,0.0,0.0,0.0,0.0,0.0,0.0
2025-11-18 03:00:00+00:00,0.0,0.0,0.0,0.0,0.0,0.0,0.0,55.0,0.0,1.0,0.0,0.0,0.0,0.0,0.0,11.0,0.0,1.0,0.0,580.0,0.0,0.0,0.0,0.0,0.0,0.0,0.0,20.0,0.0,0.0,0.0,0.0,40.0,0.0,0.0,0.0,0.0,0.0,0.0,0.0,0.0,0.0,0.0,0.0,0.0,0.0,0.0,0.0,0.0,0.0
2025-11-18 04:00:00+00:00,0.0,0.0,0.0,21.0,0.0,0.0,0.0,0.0,0.0,0.0,0.0,1.0,0.0,0.0,1.0,0.0,0.0,0.0,0.0,0.0,0.0,0.0,0.0,0.0,0.0,0.0,0.0,0.0,0.0,0.0,0.0,0.0,0.0,0.0,3.0,0.0,0.0,0.0,0.0,0.0,0.0,0.0,100.0,0.0,0.0,0.0,0.0,0.0,0.0,0.0
2025-11-18 05:00:00+00:00,0.0,0.0,0.0,0.0,0.0,0.0,0.0,93.0,0.0,0.0,0.0,0.0,1.0,1.0,0.0,0.0,0.0,0.0,0.0,0.0,0.0,0.0,0.0,0.0,0.0,0.0,1.0,0.0,0.0,1.0,0.0,0.0,1.0,0.0,0.0,0.0,340.0,0.0,0.0,0.0,0.0,0.0,0.0,0.0,1.0,0.0,0.0,0.0,0.0,55.0
2025-11-18 06:00:00+00:00,1.0,0.0,0.0,0.0,0.0,0.0,0.0,157.0,0.0,0.0,19.0,0.0,0.0,20.0,0.0,0.0,0.0,1.0,1.0,41.0,0.0,0.0,0.0,0.0,0.0,0.0,2.0,0.0,0.0,0.0,0.0,4.0,241.0,0.0,0.0,0.0,0.0,0.0,0.0,0.0,0.0,0.0,0.0,0.0,0.0,0.0,1.0,0.0,0.0,0.0
2025-11-18 07:00:00+00:00,0.0,0.0,0.0,0.0,0.0,0.0,0.0,102.0,0.0,0.0,0.0,0.0,110.0,0.0,21.0,0.0,0.0,0.0,10.0,0.0,0.0,0.0,0.0,0.0,0.0,10.0,0.0,0.0,0.0,0.0,20.0,0.0,9.0,0.0,0.0,0.0,0.0,0.0,0.0,0.0,0.0,0.0,0.0,10.0,0.0,0.0,60.0,10.0,20.0,0.0
2025-11-18 08:00:00+00:00,0.0,0.0,0.0,0.0,0.0,0.0,0.0,90.0,0.0,0.0,0.0,0.0,175.0,0.0,5.0,0.0,0.0,0.0,0.0,0.0,0.0,15.0,0.0,0.0,0.0,0.0,0.0,0.0,0.0,0.0,30.0,0.0,5.0,0.0,0.0,5.0,0.0,0.0,0.0,0.0,0.0,0.0,0.0,0.0,0.0,0.0,0.0,0.0,5.0,1.0
2025-11-18 09:00:00+00:00,0.0,0.0,0.0,0.0,0.0,0.0,0.0,0.0,0.0,0.0,0.0,1.0,0.0,0.0,0.0,0.0,0.0,0.0,0.0,0.0,0.0,0.0,0.0,0.0,0.0,0.0,0.0,0.0,0.0,0.0,0.0,0.0,0.0,0.0,0.0,0.0,0.0,0.0,0.0,0.0,0.0,0.0,0.0,0.0,0.0,0.0,0.0,0.0,0.0,0.0
2025-11-18 10:00:00+00:00,0.0,0.0,0.0,0.0,0.0,0.0,0.0,0.0,0.0,0.0,0.0,0.0,0.0,0.0,0.0,0.0,0.0,0.0,0.0,0.0,0.0,0.0,0.0,0.0,0.0,0.0,0.0,0.0,0.0,0.0,0.0,1.0,1.0,0.0,0.0,0.0,100.0,0.0,0.0,0.0,0.0,0.0,0.0,0.0,2.0,0.0,0.0,0.0,0.0,1.0
2025-11-18 11:00:00+00:00,0.0,0.0,0.0,0.0,0.0,100.0,0.0,60.0,0.0,0.0,0.0,100.0,0.0,0.0,0.0,0.0,0.0,0.0,0.0,0.0,200.0,0.0,0.0,120.0,0.0,0.0,0.0,0.0,0.0,0.0,0.0,0.0,0.0,0.0,0.0,0.0,30.0,0.0,0.0,0.0,0.0,0.0,0.0,0.0,0.0,0.0,0.0,0.0,0.0,0.0
2025-11-18 12:00:00+00:00,0.0,0.0,0.0,0.0,0.0,0.0,0.0,0.0,0.0,0.0,0.0,0.0,0.0,0.0,0.0,0.0,0.0,0.0,0.0,0.0,0.0,0.0,0.0,0.0,0.0,0.0,0.0,0.0,0.0,0.0,0.0,0.0,194.0,0.0,0.0,0.0,0.0,0.0,0.0,0.0,0.0,0.0,0.0,0.0,0.0,0.0,0.0,0.0,0.0,1.0
2025-11-18 13:00:00+00:00,0.0,0.0,0.0,0.0,0.0,0.0,0.0,0.0,0.0,0.0,0.0,0.0,0.0,0.0,0.0,0.0,0.0,0.0,0.0,0.0,0.0,0.0,0.0,0.0,1.0,0.0,0.0,0.0,0.0,0.0,0.0,0.0,60.0,0.0,0.0,0.0,0.0,0.0,0.0,0.0,0.0,0.0,3.0,0.0,0.0,0.0,0.0,0.0,0.0,0.0
2025-11-18 14:00:00+00:00,0.0,0.0,0.0,0.0,40.0,0.0,0.0,0.0,0.0,0.0,0.0,20.0,0.0,0.0,0.0,0.0,0.0,0.0,0.0,80.0,0.0,0.0,0.0,0.0,0.0,0.0,0.0,0.0,0.0,0.0,0.0,0.0,30.0,0.0,0.0,0.0,0.0,0.0,0.0,0.0,0.0,0.0,1.0,0.0,0.0,0.0,0.0,0.0,0.0,0.0
2025-11-18 15:00:00+00:00,0.0,0.0,5.0,0.0,30.0,0.0,0.0,0.0,0.0,30.0,30.0,0.0,0.0,0.0,0.0,0.0,0.0,0.0,0.0,4.0,70.0,0.0,0.0,0.0,0.0,0.0,30.0,1.0,0.0,0.0,5.0,0.0,595.0,260.0,0.0,5.0,0.0,30.0,0.0,0.0,0.0,0.0,0.0,0.0,2.0,0.0,0.0,0.0,0.0,30.0
2025-11-18 16:00:00+00:00,0.0,0.0,0.0,0.0,0.0,0.0,0.0,0.0,1.0,0.0,1.0,0.0,0.0,20.0,0.0,0.0,0.0,0.0,0.0,0.0,0.0,0.0,0.0,0.0,0.0,0.0,1.0,0.0,0.0,30.0,1.0,0.0,1.0,0.0,0.0,0.0,0.0,0.0,0.0,0.0,0.0,0.0,0.0,0.0,30.0,0.0,0.0,0.0,0.0,0.0
2025-11-18 17:00:00+00:00,0.0,0.0,0.0,2.0,0.0,0.0,0.0,448.0,0.0,0.0,0.0,0.0,2.0,80.0,322.0,0.0,8.0,0.0,1020.0,0.0,0.0,0.0,1750.0,0.0,0.0,2.0,20.0,0.0,0.0,4.0,0.0,0.0,8.0,0.0,0.0,0.0,0.0,0.0,0.0,50.0,0.0,0.0,6.0,0.0,0.0,1202.0,0.0,0.0,0.0,80.0
2025-11-18 18:00:00+00:00,0.0,0.0,240.0,0.0,0.0,0.0,0.0,4.0,0.0,0.0,0.0,0.0,0.0,4.0,2.0,0.0,0.0,6.0,0.0,60.0,0.0,170.0,520.0,0.0,0.0,0.0,0.0,280.0,0.0,2.0,8.0,6.0,280.0,2.0,420.0,282.0,4.0,0.0,0.0,0.0,2.0,0.0,0.0,0.0,0.0,0.0,6.0,262.0,0.0,4.0
2025-11-18 19:00:00+00:00,0.0,0.0,0.0,0.0,0.0,2.0,0.0,2.0,0.0,592.0,0.0,0.0,0.0,2.0,1020.0,80.0,0.0,6.0,0.0,0.0,0.0,0.0,6.0,0.0,0.0,380.0,246.0,2.0,0.0,0.0,0.0,4.0,600.0,198.0,4.0,0.0,0.0,4.0,0.0,200.0,0.0,0.0,0.0,0.0,0.0,0.0,0.0,0.0,0.0,0.0
2025-11-18 20:00:00+00:00,0.0,0.0,0.0,80.0,0.0,2.0,0.0,88.0,0.0,0.0,0.0,422.0,0.0,0.0,4.0,0.0,2.0,20.0,0.0,0.0,0.0,0.0,0.0,0.0,0.0,0.0,0.0,0.0,0.0,240.0,0.0,0.0,280.0,60.0,0.0,0.0,0.0,0.0,0.0,0.0,0.0,0.0,0.0,0.0,0.0,0.0,240.0,0.0,2.0,0.0
2025-11-18 21:00:00+00:00,0.0,0.0,0.0,0.0,0.0,0.0,0.0,20.0,2.0,0.0,2.0,0.0,0.0,16.0,0.0,0.0,0.0,260.0,0.0,0.0,0.0,0.0,0.0,0.0,60.0,0.0,0.0,0.0,80.0,0.0,2.0,0.0,0.0,0.0,2.0,0.0,0.0,0.0,0.0,0.0,0.0,0.0,80.0,0.0,0.0,0.0,0.0,0.0,0.0,4.0
2025-11-18 22:00:00+00:00,0.0,0.0,0.0,2.0,0.0,0.0,0.0,86.0,0.0,0.0,0.0,0.0,0.0,0.0,200.0,0.0,2.0,0.0,0.0,0.0,0.0,0.0,0.0,0.0,0.0,0.0,0.0,0.0,0.0,0.0,0.0,0.0,1996.0,0.0,0.0,0.0,320.0,0.0,0.0,2.0,10.0,0.0,2.0,0.0,0.0,0.0,0.0,0.0,10.0,0.0
2025-11-18 23:00:00+00:00,2.0,400.0,0.0,200.0,0.0,2.0,0.0,0.0,4.0,32.0,0.0,0.0,260.0,0.0,0.0,0.0,40.0,0.0,0.0,0.0,24.0,0.0,0.0,40.0,0.0,200.0,22.0,0.0,2.0,0.0,80.0,0.0,98.0,0.0,0.0,0.0,40.0,0.0,2.0,2.0,0.0,1240.0,320.0,80.0,24.0,0.0,0.0,0.0,0.0,124.0
2025-11-19 00:00:00+00:00,0.0,0.0,0.0,0.0,0.0,0.0,192.0,54.0,122.0,0.0,0.0,0.0,32.0,0.0,32.0,0.0,0.0,0.0,0.0,0.0,2.0,0.0,0.0,0.0,0.0,0.0,0.0,0.0,0.0,0.0,0.0,0.0,32.0,0.0,0.0,32.0,0.0,0.0,0.0,0.0,0.0,0.0,0.0,0.0,0.0,0.0,0.0,0.0,30.0,0.0
2025-11-19 01:00:00+00:00,0.0,0.0,0.0,0.0,0.0,0.0,0.0,832.0,0.0,0.0,0.0,0.0,200.0,0.0,0.0,0.0,0.0,0.0,0.0,0.0,140.0,0.0,426.0,866.0,204.0,0.0,0.0,0.0,0.0,0.0,278.0,0.0,420.0,0.0,0.0,0.0,0.0,0.0,0.0,0.0,0.0,0.0,0.0,0.0,0.0,0.0,0.0,0.0,0.0,4.0
2025-11-19 02:00:00+00:00,0.0,0.0,0.0,0.0,4.0,0.0,0.0,102.0,0.0,0.0,0.0,0.0,0.0,0.0,0.0,2.0,14.0,20.0,60.0,0.0,0.0,82.0,60.0,0.0,0.0,2.0,0.0,0.0,0.0,0.0,60.0,0.0,8.0,0.0,0.0,10.0,0.0,2.0,0.0,0.0,0.0,0.0,846.0,0.0,0.0,0.0,0.0,300.0,0.0,0.0
2025-11-19 03:00:00+00:00,0.0,0.0,0.0,0.0,2200.0,0.0,0.0,6.0,0.0,2262.0,0.0,0.0,0.0,2.0,0.0,0.0,0.0,2.0,0.0,0.0,0.0,0.0,42.0,240.0,0.0,0.0,0.0,0.0,0.0,0.0,0.0,0.0,0.0,0.0,7200.0,0.0,0.0,0.0,2.0,200.0,12.0,0.0,202.0,2.0,0.0,0.0,0.0,0.0,0.0,60.0
2025-11-19 04:00:00+00:00,0.0,0.0,0.0,0.0,0.0,0.0,0.0,444.0,0.0,0.0,0.0,0.0,0.0,2.0,0.0,182.0,0.0,0.0,0.0,0.0,0.0,0.0,100.0,0.0,0.0,0.0,0.0,0.0,0.0,0.0,0.0,0.0,200.0,0.0,0.0,0.0,0.0,0.0,0.0,0.0,0.0,0.0,580.0,0.0,0.0,0.0,0.0,0.0,0.0,4.0
