ts,Aigonorus,Akechi Mitsuhide,Aki Fujishima,Aki Mochizuki,Akito Kakiuchi,Akiyoshi Zaizen,Aoi Shirafuji,Arata Osaka,Arata Yuki,Araya Kuze,Asahi Kakyoin,Atsumu Kashiwara,Atsushi Jinnai,Atsuya Ogasawara,Ayame Suo,Ayato Hidaka,Ayumu Shinonome,Banri Saki,Boss,Bunta Kurimaki,Chiaki Yuasa,Chiharu Utsumi,Chihaya Koda,Chihiro Kikuhara,Chikage,Daichi Katsuragi,Date Masamune,Edward Levaincois,Eiichi Matsunaga,Eiji Takao,Eiki Yachigusa,Fumitaka Nishi,Fuyuki Kamijo,Gaia,Genji Higashiyama,Glenn J. Casiraghi,Go Okubo,Hajime Saito,Hajime Shindo,Haku,Haru Shindo,Haruhito Amano,Haruka Utsunomiya,Haruki Tanemura,Haruma Tosaka,Hattori Hanzo,Hayate,Hayden A. Spencer,Hibiki Shiina,Hideki Ishigami,Hidetaka Sera,Hikari Fudo,Hikaru Aihara,Hinata Yayoi,Hiro Sarashina,Hiroki Eniwa,Hiroshi Kirisawa,Hiroto Chitose,Homare Midorikawa,Huedhaut,Ichigo Sato,Ichiya Misono,Ichthys,Ikki Tatsumi,Iori Enjo,Isami Kondo,Issei Sezaki,Itsuki Matsuba,Ivan Chernenkov,Jin Namba,Jinpachi Yushima,Johji Chakura,Joshua Lieben,Junta Nikaido,Kaede Ekuni,Kagetora Oji,Kai Fujisawa,Kaiji Akizuki,Kaisei Kuon,Kakeru Kamui,Kaname Midoh,Kanata Tachibana,Kanji Okumiya,Kaoru Kirishima,Katsuyuki Kyobashi,Kazuki Serizawa,Kazuma Mikoshiba,Kei Soejima,Keiichiro Minase,Keiji Fujieda,Keita Mitsuura,Keith Alford,Ken,Kenshi Inagaki,Kenshin Shiota,Kentaro Inui,Kento Kuroe,Kenzo Yasukawa,Kevin,Kippei Ebihara,Kirigakure Saizo,Kiryu,Kiyoharu Nanahoshi,Kiyohiro Amemiya,Kiyohito Shirakami,Kiyonori Taishi,Kiyosumi Nakagami,Kiyoto Makimura,Koh Uraga,Koichi Natsukawa,Kosei Aihara,Kota Igarashi,Kotaro Kamiyama,Kotoha Dozono,Krioff,Kunihiko Aikawa,Kuon J. Casiraghi,Kuranosuke Kiba,Kyo Aizawa,Kyo Aoyagi,Kyoga,Kyohei Rikudoh,Kyoichi Kunishiro,Kyosuke Narumi,Kyosuke Takatsukasa,Kyoya Hayase,Lee Ha-neul,Leonardo,Liam Kurusu,Luke Foster,Lute,Mad Hatter,Makoto Lee,Makoto Morimachi,Mamoru Kishi,Masaharu Ryuzaki,Masaki Saionji,Masaomi Hibiya,Masashi Himuro,Masaya Saionji,Maximillion Levaincois,Meguru Kamui,Michael,Mikoto Amamitsu,Minato Okouchi,Minoru Tsujimoto,Mirai Kageyama,Misao Higuchi,Mitsunari Baba,Mitsuru Sanada,Miyabi,Mizuki Fujisaki,Motoharu Kotani,Munechika Takado,Nagi,Nagito Aoshima,Nao Fujimori,Naomasa Sakura,Natsuki Orihara,Natsume Asaoka,Noel Aijima,Nozomu Fuse,Nozomu Kaneko,Oliver Button,Ota Kisaki,Otaro Sera,Partheno,Rei Kamiki,Rei Rindoh,Rei Todo,Reiji Uraga,Rein Isaka,Ren Shibasaki,Reo Kuzume,Rheo Usami,Richard,Rihito Hatsune,Riki Yanase,Rikiya Mononobe,Riku Morimachi,Riku Shishizaki,Rin Yakumo,Rintaro Ashiya,Roberto Button,Roy,Rui Wakaba,Ryo,Ryo Haruki,Ryoga Buto,Ryogo Saikusa,Ryohei Kimura,Ryohei Okami,Ryoichi Hirose,Ryoji Ryukai,Ryosuke Sakura,Ryota Mochizuki,Ryuga,Ryuji Soma,Ryusei Aihara,Ryuzo Hatta,Saku Fukazawa,Sakuya Nanahoshi,Samon,Sanada Yukimura,Sanosuke Harada,Satoru Kamagari,Satsuki Kitaoji,Scorpio,Seiichiro Hayami,Seiji Goto,Seiya Fushimi,Sentaro Kyogoku,Shiki Kurobane,Shin,Shinichi Kagari,Shinichiro Ogiwara,Shinobu Narita,Shinra,Shinsaku Takasugi,Shintaro Ando,Shion,Shohei Aiba,Shokichi Kuramoto,Shuhei Makita,Shuichi Hishikura,Shuichi Saionji,Shuichiro Momoi,Shun Randoh,Shusei Hayakawa,Shusuke Asano,Shusuke Soma,Shuya Komaki,Sieg Lieben,Soichi Kiyota,Soichiro Irie,Soji Higashiyama,Soji Okita,Sojiro Mikumo,Sora Hirosue,Soshi,Sosuke Kikuchi,Sota Yamamoto,Subaru Ichiyanagi,Suguru Kuga,Sui Claude Saigu,Suzumu Mado,Tadanobu Nomura,Taiga Kujo,Taiyo Inami,Takahisa Togo,Takamasa Saeki,Takamune Kitami,Takane Momochi,Takao Maruyama,Takashi Ninagawa,Takeshi Yuno,Taketo Kanzaki,Taki Kozaki,Taku Hayama,Tamaki Kikushima,Tamotsu Goda,Taro Akuchi,Tatsuro Togoshi,Tauxolouve,Tengoku Shima,Teorus,Tomoki Matsuba,Toranosuke Hajime,Toru Kurosawa,Toshiaki Kijima,Toshiki Kasumi,Toshizo Hijikata,Towa,Trevor Konno,Tsubaki Iriyama,Tsukumo Kobayakawa,Ukyo Senkawa,Wataru Eboshi,Wilfred A. Spencer,Yakov Chernenkov,Yamato Kougami,Yasumi Arimura,Yasuto Kanzaki,Yoh Kobayakawa,Yohji Furuya,Yojiro Maki,Yu Agatsuma,Yuji Saionji,Yuki Arisugawa,Yuki Saejima,Yukihisa Maki,Yukinojo,Yuma Akagi,Yuri Kazumoto,Yuta Kajima,Yutaka Tennoji,Yuto Tsuruya,Yuya Abe,Yuzuki Kitaoji,Zain,Zyglavis
2025-10-18 21:00:00+00:00,,,,,,,,,,,,,,,,,,,,,,,,,,,,,,,,,,,,,,,,,,,,,,,,,,,,,,,,,,,,,,,,,,,,,,,,,,,,,,,,,,,,,,,,,,,,,,,,,,,,,,,,,,,,,,,,,,,,,,,,,,,,,,,,,,,,,,,,,,,,,,,,,,,,,,,,,,,,,,,,,,,,,,,,,,,,,,,,,,,,,,,,,,,,,,,,,,,,,,,,,,,,,,,,,,,,,,,,,,,,,,,,,,,,,,,,,,,,,,,,,,,,,,,,,,,,,,,,,,,,,,,,,,,,,,,,,,,,,,,,,,,,,,,,,,,,,,,,,,,,,
2025-10-18 22:00:00+00:00,103.0,295.0,174.0,233.0,192.0,98.0,235.0,63.0,64.0,251.0,190.0,295.0,272.0,262.0,217.0,17.0,19.0,243.0,11.0,288.0,237.0,107.0,213.0,288.0,126.0,25.0,251.0,106.0,31.0,69.0,102.0,258.0,272.0,156.0,162.0,195.0,223.0,75.0,288.0,211.0,243.0,272.0,262.0,57.0,60.0,243.0,258.0,209.0,134.0,10.0,196.0,186.0,45.0,221.0,105.0,142.0,21.0,232.0,156.0,12.0,35.0,113.0,92.0,237.0,82.0,130.0,109.0,174.0,77.0,40.0,86.0,150.0,92.0,226.0,78.0,237.0,129.0,219.0,72.0,155.0,184.0,262.0,272.0,65.0,100.0,229.0,101.0,9.0,147.0,288.0,54.0,112.0,205.0,26.0,247.0,186.0,71.0,89.0,182.0,117.0,268.0,134.0,153.0,128.0,73.0,184.0,262.0,237.0,223.0,251.0,180.0,141.0,43.0,200.0,144.0,110.0,198.0,68.0,215.0,288.0,167.0,5.0,241.0,205.0,42.0,251.0,295.0,258.0,149.0,66.0,182.0,14.0,171.0,48.0,18.0,159.0,241.0,203.0,8.0,205.0,194.0,202.0,84.0,148.0,95.0,13.0,143.0,120.0,22.0,235.0,76.0,284.0,51.0,23.0,56.0,151.0,168.0,124.0,281.0,125.0,180.0,161.0,295.0,164.0,49.0,99.0,81.0,62.0,94.0,104.0,169.0,272.0,87.0,4.0,284.0,268.0,176.0,37.0,67.0,44.0,52.0,38.0,217.0,131.0,171.0,281.0,190.0,127.0,122.0,83.0,272.0,119.0,36.0,223.0,251.0,96.0,171.0,284.0,133.0,151.0,268.0,53.0,229.0,226.0,213.0,272.0,121.0,2.0,169.0,15.0,137.0,33.0,156.0,111.0,70.0,268.0,272.0,203.0,89.0,281.0,221.0,47.0,229.0,189.0,116.0,215.0,164.0,80.0,114.0,226.0,79.0,176.0,41.0,295.0,159.0,139.0,20.0,295.0,164.0,199.0,136.0,163.0,58.0,91.0,288.0,97.0,39.0,107.0,211.0,131.0,85.0,16.0,74.0,144.0,55.0,46.0,205.0,7.0,146.0,209.0,272.0,34.0,233.0,28.0,153.0,186.0,219.0,295.0,6.0,137.0,3.0,50.0,88.0,243.0,24.0,122.0,30.0,58.0,196.0,29.0,27.0,262.0,262.0,115.0,258.0,288.0,251.0,192.0,139.0,284.0,61.0,178.0,32.0,247.0,247.0,118.0,251.0,247.0,200.0,178.0,1.0
2025-10-18 23:00:00+00:00,104.0,295.0,174.0,233.0,192.0,98.0,235.0,63.0,64.0,251.0,190.0,295.0,272.0,262.0,217.0,17.0,19.0,243.0,11.0,288.0,237.0,108.0,213.0,288.0,126.0,24.0,251.0,107.0,31.0,69.0,103.0,258.0,272.0,156.0,162.0,195.0,223.0,75.0,288.0,211.0,243.0,272.0,262.0,57.0,60.0,243.0,258.0,209.0,134.0,10.0,196.0,186.0,45.0,221.0,106.0,142.0,21.0,232.0,156.0,12.0,35.0,113.0,93.0,237.0,82.0,130.0,109.0,174.0,77.0,40.0,86.0,150.0,93.0,226.0,78.0,237.0,129.0,219.0,72.0,155.0,184.0,262.0,272.0,65.0,102.0,226.0,87.0,9.0,147.0,288.0,54.0,112.0,205.0,26.0,247.0,186.0,71.0,90.0,182.0,116.0,268.0,134.0,153.0,128.0,73.0,184.0,262.0,237.0,223.0,251.0,180.0,141.0,43.0,200.0,145.0,110.0,198.0,68.0,215.0,288.0,167.0,5.0,241.0,205.0,42.0,251.0,295.0,258.0,149.0,66.0,182.0,14.0,171.0,48.0,18.0,159.0,241.0,203.0,8.0,205.0,194.0,202.0,84.0,148.0,96.0,13.0,144.0,120.0,22.0,235.0,76.0,284.0,51.0,23.0,56.0,151.0,168.0,124.0,281.0,125.0,180.0,161.0,295.0,164.0,49.0,100.0,81.0,62.0,95.0,105.0,169.0,272.0,88.0,4.0,284.0,268.0,176.0,37.0,67.0,44.0,52.0,38.0,217.0,131.0,171.0,281.0,190.0,127.0,122.0,83.0,272.0,119.0,36.0,223.0,251.0,97.0,171.0,284.0,133.0,151.0,268.0,53.0,230.0,226.0,213.0,272.0,121.0,2.0,169.0,15.0,137.0,33.0,156.0,111.0,70.0,268.0,272.0,203.0,90.0,281.0,221.0,47.0,230.0,189.0,117.0,215.0,164.0,80.0,114.0,226.0,79.0,176.0,41.0,295.0,159.0,139.0,20.0,295.0,164.0,199.0,136.0,163.0,58.0,92.0,288.0,99.0,39.0,100.0,211.0,131.0,85.0,16.0,74.0,143.0,55.0,46.0,205.0,7.0,146.0,209.0,272.0,34.0,233.0,29.0,153.0,186.0,219.0,295.0,6.0,137.0,3.0,50.0,89.0,243.0,25.0,122.0,30.0,58.0,196.0,27.0,28.0,262.0,262.0,115.0,258.0,288.0,251.0,192.0,139.0,284.0,61.0,178.0,32.0,247.0,247.0,118.0,251.0,247.0,200.0,178.0,1.0
2025-10-19 00:00:00+00:00,104.0,295.0,174.0,233.0,192.0,98.0,235.0,63.0,64.0,251.0,190.0,295.0,272.0,262.0,217.0,18.0,16.0,243.0,11.0,288.0,237.0,108.0,213.0,288.0,126.0,24.0,251.0,107.0,31.0,69.0,103.0,258.0,272.0,156.0,162.0,195.0,223.0,75.0,288.0,211.0,243.0,272.0,262.0,57.0,60.0,243.0,258.0,209.0,134.0,10.0,196.0,186.0,45.0,221.0,106.0,142.0,21.0,232.0,156.0,12.0,35.0,113.0,93.0,237.0,82.0,130.0,109.0,174.0,77.0,40.0,86.0,150.0,93.0,226.0,78.0,237.0,129.0,219.0,72.0,155.0,184.0,262.0,272.0,65.0,102.0,226.0,87.0,9.0,147.0,288.0,54.0,112.0,205.0,26.0,247.0,186.0,71.0,90.0,182.0,116.0,268.0,134.0,153.0,128.0,73.0,184.0,262.0,237.0,223.0,251.0,180.0,141.0,43.0,200.0,145.0,110.0,198.0,68.0,215.0,288.0,167.0,5.0,241.0,205.0,42.0,251.0,295.0,258.0,149.0,66.0,182.0,14.0,171.0,48.0,19.0,159.0,241.0,203.0,8.0,205.0,194.0,202.0,84.0,148.0,96.0,13.0,144.0,120.0,22.0,235.0,76.0,284.0,51.0,23.0,56.0,151.0,168.0,124.0,281.0,125.0,180.0,161.0,295.0,164.0,49.0,100.0,81.0,62.0,95.0,105.0,169.0,272.0,88.0,4.0,284.0,268.0,176.0,37.0,67.0,44.0,52.0,38.0,217.0,131.0,171.0,281.0,190.0,127.0,122.0,83.0,272.0,119.0,36.0,223.0,251.0,97.0,171.0,284.0,133.0,151.0,268.0,53.0,230.0,226.0,213.0,272.0,121.0,2.0,169.0,15.0,137.0,33.0,156.0,111.0,70.0,268.0,272.0,203.0,90.0,281.0,221.0,47.0,230.0,189.0,117.0,215.0,164.0,80.0,114.0,226.0,79.0,176.0,41.0,295.0,159.0,139.0,20.0,295.0,164.0,199.0,136.0,163.0,58.0,92.0,288.0,99.0,39.0,100.0,211.0,131.0,85.0,17.0,74.0,143.0,55.0,46.0,205.0,7.0,146.0,209.0,272.0,34.0,233.0,29.0,153.0,186.0,219.0,295.0,6.0,137.0,3.0,50.0,89.0,243.0,25.0,122.0,30.0,58.0,196.0,27.0,28.0,262.0,262.0,115.0,258.0,288.0,251.0,192.0,139.0,284.0,61.0,178.0,32.0,247.0,247.0,118.0,251.0,247.0,200.0,178.0,1.0
2025-10-19 01:00:00+00:00,104.0,295.0,174.0,233.0,192.0,98.0,235.0,63.0,64.0,251.0,190.0,295.0,272.0,262.0,217.0,18.0,16.0,243.0,11.0,288.0,237.0,108.0,213.0,288.0,126.0,24.0,251.0,107.0,26.0,69.0,103.0,258.0,272.0,156.0,162.0,195.0,223.0,75.0,288.0,211.0,243.0,272.0,262.0,57.0,60.0,243.0,258.0,209.0,134.0,10.0,196.0,186.0,45.0,221.0,106.0,142.0,21.0,232.0,156.0,12.0,35.0,113.0,93.0,237.0,82.0,130.0,109.0,174.0,77.0,40.0,86.0,150.0,93.0,226.0,78.0,237.0,129.0,219.0,72.0,155.0,184.0,262.0,272.0,65.0,102.0,226.0,87.0,9.0,147.0,288.0,54.0,112.0,205.0,27.0,247.0,186.0,71.0,90.0,182.0,116.0,268.0,134.0,153.0,128.0,73.0,184.0,262.0,237.0,223.0,251.0,180.0,141.0,43.0,200.0,145.0,110.0,198.0,68.0,215.0,288.0,167.0,5.0,241.0,205.0,42.0,251.0,295.0,258.0,149.0,66.0,182.0,14.0,171.0,48.0,19.0,159.0,241.0,203.0,8.0,205.0,194.0,202.0,84.0,148.0,96.0,13.0,144.0,120.0,22.0,235.0,76.0,284.0,51.0,23.0,56.0,151.0,168.0,124.0,281.0,125.0,180.0,161.0,295.0,164.0,49.0,98.0,81.0,62.0,95.0,105.0,169.0,272.0,88.0,4.0,284.0,268.0,176.0,37.0,67.0,44.0,52.0,38.0,217.0,131.0,171.0,281.0,190.0,127.0,122.0,83.0,272.0,119.0,36.0,223.0,251.0,97.0,171.0,284.0,133.0,151.0,268.0,53.0,230.0,226.0,213.0,272.0,121.0,2.0,169.0,15.0,137.0,33.0,156.0,111.0,70.0,268.0,272.0,203.0,90.0,281.0,221.0,47.0,230.0,189.0,117.0,215.0,164.0,80.0,114.0,226.0,79.0,176.0,41.0,295.0,159.0,139.0,20.0,295.0,164.0,199.0,136.0,163.0,58.0,92.0,288.0,100.0,39.0,101.0,211.0,131.0,85.0,17.0,74.0,143.0,55.0,46.0,205.0,7.0,146.0,209.0,272.0,34.0,233.0,30.0,153.0,186.0,219.0,295.0,6.0,137.0,3.0,50.0,89.0,243.0,25.0,122.0,31.0,58.0,196.0,28.0,29.0,262.0,262.0,115.0,258.0,288.0,251.0,192.0,139.0,284.0,61.0,178.0,32.0,247.0,247.0,118.0,251.0,247.0,200.0,178.0,1.0
2025-10-19 02:00:00+00:00,105.0,295.0,175.0,233.0,193.0,99.0,235.0,64.0,65.0,251.0,191.0,295.0,272.0,262.0,217.0,18.0,10.0,243.0,12.0,288.0,237.0,109.0,213.0,288.0,127.0,24.0,251.0,108.0,26.0,69.0,104.0,258.0,272.0,157.0,163.0,196.0,223.0,75.0,288.0,211.0,243.0,272.0,262.0,58.0,61.0,243.0,258.0,209.0,135.0,11.0,197.0,187.0,45.0,221.0,107.0,143.0,21.0,232.0,157.0,13.0,36.0,114.0,94.0,237.0,82.0,131.0,110.0,175.0,77.0,40.0,86.0,151.0,94.0,226.0,78.0,237.0,130.0,219.0,72.0,156.0,185.0,262.0,272.0,66.0,103.0,226.0,87.0,9.0,148.0,288.0,54.0,113.0,205.0,27.0,247.0,187.0,71.0,91.0,183.0,117.0,268.0,135.0,154.0,129.0,73.0,185.0,262.0,237.0,223.0,251.0,181.0,142.0,43.0,200.0,146.0,111.0,198.0,55.0,215.0,288.0,168.0,5.0,241.0,205.0,42.0,251.0,295.0,258.0,150.0,67.0,183.0,15.0,172.0,48.0,19.0,160.0,241.0,203.0,8.0,205.0,195.0,202.0,84.0,149.0,97.0,14.0,145.0,121.0,22.0,235.0,76.0,284.0,51.0,23.0,57.0,152.0,169.0,125.0,281.0,126.0,181.0,162.0,295.0,165.0,49.0,99.0,81.0,63.0,96.0,106.0,170.0,272.0,88.0,4.0,284.0,268.0,177.0,37.0,68.0,44.0,52.0,38.0,217.0,132.0,172.0,281.0,191.0,128.0,123.0,83.0,272.0,120.0,32.0,223.0,251.0,98.0,172.0,284.0,134.0,152.0,268.0,53.0,230.0,226.0,213.0,272.0,122.0,2.0,170.0,16.0,138.0,34.0,157.0,112.0,70.0,268.0,272.0,203.0,91.0,281.0,221.0,47.0,230.0,190.0,118.0,215.0,165.0,80.0,115.0,226.0,79.0,177.0,41.0,295.0,160.0,140.0,20.0,295.0,165.0,199.0,137.0,164.0,59.0,93.0,288.0,101.0,39.0,102.0,211.0,132.0,85.0,17.0,74.0,144.0,56.0,46.0,205.0,7.0,147.0,209.0,272.0,35.0,233.0,30.0,154.0,187.0,219.0,295.0,6.0,138.0,3.0,50.0,89.0,243.0,25.0,123.0,31.0,59.0,90.0,29.0,28.0,262.0,262.0,116.0,258.0,288.0,251.0,193.0,140.0,284.0,62.0,179.0,33.0,247.0,247.0,119.0,251.0,247.0,200.0,179.0,1.0
2025-10-19 03:00:00+00:00,106.0,295.0,90.0,233.0,196.0,100.0,235.0,64.0,65.0,252.0,193.0,295.0,272.0,263.0,217.0,19.0,10.0,244.0,12.0,288.0,237.0,110.0,213.0,288.0,128.0,24.0,252.0,109.0,27.0,69.0,105.0,259.0,272.0,158.0,164.0,188.0,223.0,75.0,288.0,211.0,244.0,272.0,263.0,59.0,61.0,244.0,259.0,209.0,137.0,11.0,199.0,188.0,45.0,221.0,108.0,145.0,21.0,232.0,158.0,13.0,36.0,115.0,95.0,237.0,82.0,132.0,111.0,176.0,77.0,40.0,86.0,152.0,95.0,226.0,78.0,237.0,131.0,219.0,72.0,157.0,186.0,263.0,272.0,66.0,104.0,226.0,87.0,9.0,150.0,288.0,54.0,114.0,205.0,26.0,248.0,188.0,71.0,92.0,184.0,118.0,268.0,137.0,155.0,130.0,73.0,186.0,263.0,237.0,223.0,252.0,182.0,144.0,43.0,176.0,148.0,112.0,193.0,55.0,215.0,288.0,169.0,5.0,241.0,205.0,42.0,252.0,295.0,259.0,151.0,67.0,184.0,15.0,173.0,48.0,20.0,161.0,241.0,204.0,8.0,205.0,198.0,203.0,84.0,135.0,98.0,14.0,147.0,122.0,22.0,235.0,76.0,284.0,51.0,23.0,57.0,153.0,170.0,126.0,281.0,127.0,182.0,163.0,295.0,166.0,49.0,100.0,81.0,63.0,97.0,107.0,171.0,272.0,88.0,4.0,284.0,268.0,178.0,37.0,68.0,44.0,52.0,38.0,217.0,133.0,173.0,281.0,193.0,129.0,124.0,83.0,272.0,121.0,32.0,223.0,252.0,99.0,173.0,284.0,136.0,153.0,268.0,53.0,230.0,226.0,213.0,272.0,123.0,2.0,171.0,16.0,141.0,34.0,158.0,113.0,70.0,268.0,272.0,199.0,92.0,281.0,221.0,47.0,230.0,192.0,119.0,215.0,166.0,80.0,116.0,226.0,79.0,178.0,41.0,295.0,161.0,143.0,18.0,295.0,166.0,201.0,140.0,165.0,60.0,94.0,288.0,102.0,39.0,103.0,211.0,133.0,85.0,17.0,74.0,146.0,56.0,46.0,205.0,7.0,149.0,209.0,272.0,35.0,233.0,30.0,155.0,188.0,219.0,295.0,6.0,141.0,3.0,50.0,89.0,244.0,25.0,124.0,31.0,58.0,91.0,29.0,28.0,263.0,241.0,117.0,259.0,288.0,252.0,196.0,139.0,284.0,62.0,180.0,33.0,248.0,248.0,120.0,252.0,248.0,202.0,180.0,1.0
2025-10-19 04:00:00+00:00,108.0,295.0,91.0,235.0,198.0,101.0,237.0,65.0,66.0,253.0,195.0,295.0,273.0,264.0,219.0,19.0,10.0,245.0,12.0,288.0,239.0,112.0,215.0,288.0,130.0,24.0,253.0,111.0,27.0,70.0,107.0,260.0,273.0,160.0,166.0,190.0,225.0,76.0,288.0,213.0,245.0,273.0,264.0,60.0,63.0,245.0,260.0,211.0,139.0,11.0,201.0,190.0,45.0,223.0,110.0,147.0,21.0,234.0,160.0,13.0,37.0,117.0,96.0,239.0,83.0,134.0,113.0,178.0,78.0,41.0,87.0,154.0,96.0,228.0,79.0,239.0,133.0,221.0,73.0,159.0,188.0,264.0,273.0,67.0,106.0,228.0,88.0,9.0,152.0,288.0,54.0,116.0,207.0,26.0,249.0,190.0,72.0,93.0,186.0,120.0,269.0,139.0,157.0,132.0,74.0,188.0,264.0,239.0,225.0,253.0,184.0,146.0,31.0,178.0,150.0,114.0,195.0,55.0,217.0,288.0,171.0,5.0,243.0,207.0,43.0,253.0,295.0,260.0,153.0,68.0,186.0,15.0,175.0,48.0,20.0,163.0,62.0,206.0,8.0,207.0,200.0,205.0,85.0,137.0,99.0,14.0,149.0,124.0,22.0,237.0,77.0,285.0,51.0,23.0,58.0,155.0,172.0,128.0,282.0,129.0,184.0,165.0,295.0,168.0,49.0,101.0,82.0,64.0,98.0,109.0,173.0,273.0,89.0,4.0,285.0,269.0,180.0,38.0,69.0,44.0,52.0,39.0,219.0,135.0,175.0,282.0,195.0,131.0,126.0,84.0,273.0,123.0,33.0,225.0,253.0,100.0,175.0,285.0,138.0,155.0,269.0,53.0,232.0,228.0,215.0,273.0,125.0,2.0,173.0,16.0,143.0,36.0,160.0,115.0,71.0,269.0,273.0,201.0,93.0,282.0,223.0,47.0,232.0,194.0,121.0,217.0,168.0,81.0,118.0,228.0,80.0,180.0,42.0,295.0,163.0,145.0,18.0,295.0,168.0,203.0,142.0,167.0,61.0,95.0,288.0,103.0,40.0,105.0,213.0,135.0,86.0,17.0,75.0,148.0,57.0,46.0,207.0,7.0,151.0,211.0,273.0,35.0,235.0,30.0,157.0,190.0,221.0,295.0,6.0,143.0,3.0,50.0,90.0,245.0,25.0,126.0,32.0,59.0,92.0,29.0,28.0,264.0,243.0,119.0,260.0,288.0,253.0,198.0,141.0,104.0,56.0,182.0,34.0,249.0,249.0,122.0,253.0,249.0,204.0,182.0,1.0
2025-10-19 05:00:00+00:00,108.0,295.0,91.0,236.0,199.0,101.0,238.0,65.0,66.0,253.0,196.0,295.0,273.0,264.0,220.0,19.0,10.0,246.0,12.0,288.0,240.0,112.0,216.0,288.0,130.0,24.0,253.0,111.0,27.0,70.0,107.0,260.0,273.0,161.0,166.0,191.0,226.0,76.0,288.0,214.0,246.0,273.0,264.0,60.0,63.0,246.0,260.0,212.0,139.0,11.0,202.0,191.0,45.0,224.0,110.0,147.0,21.0,235.0,161.0,13.0,37.0,117.0,97.0,240.0,83.0,134.0,113.0,178.0,78.0,41.0,87.0,155.0,97.0,229.0,79.0,240.0,133.0,222.0,73.0,160.0,189.0,264.0,273.0,67.0,106.0,229.0,88.0,9.0,152.0,288.0,54.0,116.0,208.0,26.0,250.0,191.0,72.0,93.0,187.0,120.0,269.0,139.0,159.0,132.0,74.0,189.0,264.0,240.0,226.0,253.0,185.0,146.0,32.0,178.0,150.0,114.0,196.0,55.0,218.0,288.0,171.0,5.0,244.0,208.0,43.0,253.0,295.0,260.0,153.0,69.0,187.0,15.0,175.0,49.0,20.0,156.0,62.0,207.0,8.0,208.0,201.0,206.0,85.0,137.0,96.0,14.0,149.0,124.0,22.0,238.0,77.0,285.0,51.0,23.0,58.0,156.0,172.0,128.0,282.0,129.0,185.0,165.0,295.0,168.0,48.0,101.0,82.0,64.0,99.0,109.0,173.0,273.0,89.0,4.0,285.0,269.0,181.0,38.0,68.0,44.0,52.0,39.0,220.0,135.0,175.0,282.0,196.0,131.0,126.0,84.0,273.0,123.0,34.0,226.0,253.0,100.0,175.0,285.0,138.0,154.0,269.0,53.0,233.0,229.0,216.0,273.0,125.0,2.0,173.0,16.0,143.0,29.0,161.0,115.0,71.0,269.0,273.0,202.0,93.0,282.0,224.0,47.0,233.0,195.0,121.0,218.0,168.0,81.0,118.0,229.0,80.0,181.0,42.0,295.0,164.0,145.0,17.0,295.0,168.0,204.0,142.0,167.0,61.0,95.0,288.0,103.0,40.0,105.0,214.0,135.0,86.0,18.0,75.0,148.0,57.0,46.0,208.0,7.0,151.0,212.0,273.0,36.0,236.0,31.0,158.0,191.0,222.0,295.0,6.0,143.0,3.0,50.0,90.0,246.0,25.0,126.0,33.0,59.0,92.0,30.0,28.0,264.0,244.0,119.0,260.0,288.0,253.0,199.0,141.0,104.0,56.0,183.0,35.0,178.0,250.0,122.0,253.0,250.0,205.0,183.0,1.0
2025-10-19 06:00:00+00:00,108.0,295.0,91.0,236.0,199.0,101.0,238.0,65.0,66.0,253.0,196.0,295.0,273.0,264.0,220.0,20.0,10.0,246.0,12.0,288.0,240.0,112.0,216.0,288.0,130.0,24.0,253.0,111.0,27.0,70.0,107.0,260.0,273.0,161.0,166.0,191.0,226.0,76.0,288.0,214.0,246.0,273.0,264.0,60.0,63.0,246.0,260.0,212.0,139.0,11.0,202.0,191.0,45.0,224.0,110.0,147.0,21.0,235.0,161.0,13.0,37.0,117.0,97.0,240.0,83.0,134.0,113.0,178.0,78.0,41.0,87.0,155.0,97.0,229.0,79.0,240.0,133.0,222.0,73.0,160.0,189.0,264.0,273.0,67.0,106.0,229.0,88.0,9.0,152.0,288.0,54.0,116.0,208.0,26.0,250.0,191.0,72.0,93.0,187.0,120.0,269.0,139.0,159.0,132.0,74.0,189.0,264.0,240.0,226.0,253.0,185.0,146.0,32.0,178.0,150.0,114.0,196.0,55.0,218.0,288.0,171.0,5.0,244.0,208.0,43.0,253.0,295.0,260.0,153.0,69.0,187.0,15.0,175.0,49.0,17.0,156.0,62.0,207.0,8.0,208.0,201.0,206.0,85.0,137.0,96.0,14.0,149.0,124.0,22.0,238.0,77.0,285.0,51.0,23.0,58.0,156.0,172.0,128.0,282.0,129.0,185.0,165.0,295.0,168.0,48.0,101.0,82.0,64.0,99.0,109.0,173.0,273.0,89.0,4.0,285.0,269.0,181.0,38.0,68.0,44.0,52.0,39.0,220.0,135.0,175.0,282.0,196.0,131.0,126.0,84.0,273.0,123.0,34.0,226.0,253.0,100.0,175.0,285.0,138.0,154.0,269.0,53.0,233.0,229.0,216.0,273.0,125.0,2.0,173.0,16.0,143.0,29.0,161.0,115.0,71.0,269.0,273.0,202.0,93.0,282.0,224.0,47.0,233.0,195.0,121.0,218.0,168.0,81.0,118.0,229.0,80.0,181.0,42.0,295.0,164.0,145.0,18.0,295.0,168.0,204.0,142.0,167.0,61.0,95.0,288.0,103.0,40.0,105.0,214.0,135.0,86.0,19.0,75.0,148.0,57.0,46.0,208.0,7.0,151.0,212.0,273.0,36.0,236.0,31.0,158.0,191.0,222.0,295.0,6.0,143.0,3.0,50.0,90.0,246.0,25.0,126.0,33.0,59.0,92.0,30.0,28.0,264.0,244.0,119.0,260.0,288.0,253.0,199.0,141.0,104.0,56.0,183.0,35.0,178.0,250.0,122.0,253.0,250.0,205.0,183.0,1.0
2025-10-19 07:00:00+00:00,108.0,295.0,91.0,236.0,199.0,101.0,238.0,65.0,66.0,253.0,196.0,295.0,274.0,264.0,220.0,20.0,10.0,246.0,12.0,288.0,240.0,112.0,216.0,288.0,130.0,24.0,253.0,111.0,27.0,70.0,107.0,260.0,274.0,161.0,166.0,191.0,226.0,76.0,288.0,214.0,246.0,274.0,264.0,60.0,63.0,246.0,260.0,212.0,139.0,11.0,202.0,191.0,45.0,224.0,110.0,147.0,21.0,235.0,161.0,13.0,37.0,117.0,97.0,240.0,83.0,134.0,113.0,178.0,78.0,41.0,87.0,155.0,97.0,229.0,79.0,240.0,133.0,222.0,73.0,160.0,189.0,264.0,274.0,67.0,106.0,229.0,88.0,9.0,152.0,288.0,56.0,116.0,208.0,25.0,250.0,191.0,72.0,93.0,187.0,120.0,269.0,139.0,159.0,132.0,74.0,189.0,264.0,240.0,226.0,253.0,185.0,146.0,32.0,178.0,150.0,114.0,196.0,57.0,218.0,288.0,171.0,5.0,244.0,208.0,43.0,253.0,295.0,260.0,153.0,69.0,187.0,15.0,175.0,49.0,17.0,156.0,62.0,207.0,8.0,208.0,201.0,206.0,85.0,137.0,96.0,14.0,149.0,124.0,22.0,238.0,77.0,285.0,52.0,23.0,54.0,156.0,172.0,128.0,282.0,129.0,185.0,164.0,295.0,168.0,48.0,101.0,82.0,64.0,99.0,109.0,173.0,269.0,89.0,4.0,285.0,269.0,181.0,38.0,68.0,44.0,53.0,39.0,220.0,135.0,175.0,282.0,196.0,131.0,126.0,84.0,274.0,123.0,34.0,226.0,253.0,100.0,175.0,285.0,138.0,154.0,269.0,55.0,233.0,229.0,216.0,274.0,125.0,2.0,173.0,16.0,143.0,29.0,161.0,115.0,71.0,269.0,274.0,202.0,93.0,282.0,224.0,47.0,233.0,195.0,121.0,218.0,168.0,81.0,118.0,229.0,80.0,181.0,42.0,295.0,164.0,145.0,18.0,295.0,168.0,204.0,142.0,167.0,61.0,95.0,288.0,103.0,40.0,105.0,214.0,135.0,86.0,19.0,75.0,148.0,50.0,46.0,208.0,7.0,151.0,212.0,274.0,36.0,236.0,31.0,158.0,191.0,222.0,295.0,6.0,143.0,3.0,51.0,90.0,246.0,26.0,126.0,33.0,59.0,92.0,30.0,28.0,264.0,244.0,119.0,260.0,288.0,253.0,199.0,141.0,104.0,58.0,183.0,35.0,178.0,250.0,122.0,253.0,250.0,205.0,183.0,1.0
2025-10-19 08:00:00+00:00,108.0,295.0,92.0,237.0,199.0,101.0,239.0,67.0,62.0,254.0,196.0,295.0,275.0,265.0,221.0,20.0,10.0,247.0,13.0,288.0,241.0,112.0,217.0,288.0,130.0,24.0,254.0,111.0,27.0,70.0,107.0,261.0,275.0,163.0,167.0,192.0,227.0,76.0,288.0,215.0,247.0,275.0,265.0,60.0,64.0,247.0,261.0,213.0,140.0,11.0,202.0,192.0,45.0,225.0,110.0,132.0,21.0,236.0,163.0,12.0,37.0,117.0,86.0,241.0,77.0,135.0,113.0,179.0,80.0,41.0,88.0,155.0,98.0,230.0,81.0,241.0,134.0,223.0,73.0,162.0,190.0,265.0,275.0,66.0,106.0,230.0,89.0,9.0,152.0,288.0,56.0,116.0,209.0,25.0,251.0,192.0,72.0,94.0,188.0,120.0,270.0,140.0,159.0,132.0,74.0,190.0,265.0,241.0,227.0,207.0,186.0,147.0,32.0,179.0,150.0,114.0,196.0,57.0,219.0,288.0,172.0,5.0,245.0,209.0,44.0,254.0,295.0,261.0,153.0,69.0,188.0,15.0,176.0,49.0,16.0,156.0,63.0,207.0,8.0,209.0,201.0,206.0,85.0,138.0,97.0,14.0,149.0,125.0,22.0,239.0,78.0,285.0,52.0,23.0,54.0,156.0,173.0,129.0,283.0,121.0,186.0,160.0,295.0,169.0,48.0,101.0,84.0,65.0,99.0,109.0,174.0,270.0,90.0,4.0,285.0,270.0,182.0,38.0,68.0,43.0,53.0,39.0,221.0,136.0,176.0,254.0,196.0,131.0,127.0,83.0,275.0,124.0,34.0,227.0,254.0,100.0,176.0,285.0,139.0,154.0,270.0,55.0,234.0,230.0,217.0,275.0,126.0,2.0,174.0,17.0,144.0,29.0,163.0,115.0,71.0,270.0,275.0,202.0,94.0,283.0,225.0,47.0,234.0,195.0,122.0,219.0,169.0,79.0,118.0,230.0,82.0,182.0,42.0,295.0,166.0,146.0,18.0,295.0,169.0,204.0,143.0,168.0,61.0,96.0,288.0,103.0,40.0,105.0,215.0,136.0,87.0,19.0,75.0,148.0,50.0,46.0,209.0,7.0,151.0,213.0,275.0,36.0,237.0,31.0,158.0,181.0,223.0,295.0,6.0,144.0,3.0,51.0,91.0,247.0,26.0,127.0,33.0,59.0,93.0,30.0,28.0,265.0,245.0,119.0,261.0,288.0,254.0,199.0,142.0,104.0,58.0,184.0,35.0,160.0,251.0,123.0,254.0,251.0,205.0,184.0,1.0
