ts,Aigonorus,Akechi Mitsuhide,Aki Fujishima,Aki Mochizuki,Akira Sakaki,Akito Kakiuchi,Akiyoshi Zaizen,Aoi Shirafuji,Arata Osaka,Arata Yuki,Araya Kuze,Asahi Kakyoin,Asuka Hino,Atsumu Kashiwara,Atsuro Shibusawa,Atsushi Jinnai,Atsuya Ogasawara,Ayame Suo,Ayato Hidaka,Ayumu Shinonome,Banri Saki,Boss,Bunta Kurimaki,Chiaki Yuasa,Chiharu Utsumi,Chihaya Koda,Chihiro Kikuhara,Chikage,Daichi Katsuragi,Date Masamune,Edward Levaincois,Eiichi Matsunaga,Eiji Takao,Eiki Yachigusa,Fumitaka Nishi,Fuyuki Kamijo,Gaia,Genji Higashiyama,Ginnosuke Oguri,Glenn J. Casiraghi,Go Okubo,Hajime Saito,Hajime Shindo,Haku,Haru Shindo,Haruhito Amano,Haruka Utsunomiya,Haruki Tanemura,Haruma Fujioka,Haruma Tosaka,Hattori Hanzo,Hayate,Hayato Shiratori,Hayden A. Spencer,Hazuki Tojo,Hibiki Shiina,Hideki Ishigami,Hidetaka Sera,Hikari Fudo,Hikaru Aihara,Hinata Yayoi,Hiro Sarashina,Hiroki Eniwa,Hiroshi Kirisawa,Hiroto Chitose,Homare Midorikawa,Huedhaut,Hyosuke Kujo,Ichigo Sato,Ichiya Kanokawa,Ichiya Misono,Ichthys,Ikki Tatsumi,Iori Enjo,Isami Kondo,Issei Sezaki,Itsuki Matsuba,Ivan Chernenkov,Jin Namba,Jinpachi Yushima,Johji Chakura,Joshua Lieben,Junta Nikaido,Kaede Ekuni,Kagetora Oji,Kai Fujisawa,Kaiji Akizuki,Kaisei Kuon,Kakeru Kamui,Kaname Midoh,Kanata Tachibana,Kanji Okumiya,Kaoru Kirishima,Kato Kiyomasa,Katsuyuki Kyobashi,Kazuki Serizawa,Kazuma Mikoshiba,Kei Soejima,Keiichiro Minase,Keiji Fujieda,Keita Mitsuura,Keith Alford,Ken,Kenshi Inagaki,Kenshin Shiota,Kentaro Inui,Kento Kuroe,Kenzo Yasukawa,Kevin,Kippei Ebihara,Kirigakure Saizo,Kiryu,Kiyoharu Nanahoshi,Kiyohiro Amemiya,Kiyohito Shirakami,Kiyonori Taishi,Kiyosumi Nakagami,Kiyoto Makimura,Koh Uraga,Koichi Natsukawa,Kosei Aihara,Kota Igarashi,Kotaro Kamiyama,Kotoha Dozono,Krioff,Kunihiko Aikawa,Kuon J. Casiraghi,Kuranosuke Kiba,Kyo Aizawa,Kyo Aoyagi,Kyoga,Kyohei Rikudoh,Kyoichi Kunishiro,Kyosuke Narumi,Kyosuke Takatsukasa,Kyoya Hayase,Lee Ha-neul,Leonardo,Liam Kurusu,Luke Foster,Lute,Mad Hatter,Makoto Lee,Makoto Morimachi,Mamoru Kishi,Masaharu Ryuzaki,Masaki Saionji,Masaomi Hibiya,Masashi Himuro,Masato Asakura,Masaya Saionji,Maximillion Levaincois,Meguru Kamui,Michael,Mikoto Amamitsu,Minato Okouchi,Minoru Tsujimoto,Mirai Kageyama,Misao Higuchi,Mitsunari Baba,Mitsuru Sanada,Miyabi,Mizuki Fujisaki,Motoharu Kotani,Munechika Takado,Nagi,Nagito Aoshima,Nao Fujimori,Naomasa Sakura,Natsuki Orihara,Natsume Asaoka,Noel Aijima,Nozomu Fuse,Nozomu Kaneko,Oliver Button,Ota Kisaki,Otaro Sera,Partheno,Rei Kamiki,Rei Rindoh,Rei Todo,Reiji Uraga,Rein Isaka,Ren Shibasaki,Reo Kuzume,Rheo Usami,Richard,Rihito Hatsune,Riki Yanase,Rikiya Mononobe,Riku Morimachi,Riku Shishizaki,Rin Yakumo,Rintaro Ashiya,Roberto Button,Roy,Rui Wakaba,Ryo,Ryo Haruki,Ryoga Buto,Ryogo Saikusa,Ryohei Kimura,Ryohei Okami,Ryoichi Hirose,Ryoji Ryukai,Ryosuke Sakura,Ryota Mochizuki,Ryuga,Ryuji Soma,Ryusei Aihara,Ryuzo Hatta,Saku Fukazawa,Sakuya Nanahoshi,Samon,Sanada Yukimura,Sanosuke Harada,Satoru Kamagari,Satsuki Kitaoji,Scorpio,Seiichiro Hayami,Seiji Goto,Seiya Fushimi,Sentaro Kyogoku,Shiki Kurobane,Shin,Shingo Kai,Shinichi Kagari,Shinichiro Ogiwara,Shinobu Narita,Shinra,Shinsaku Takasugi,Shintaro Ando,Shion,Shohei Aiba,Shokichi Kuramoto,Shu Mishima,Shuhei Makita,Shuichi Hishikura,Shuichi Saionji,Shuichiro Momoi,Shun Randoh,Shusei Hayakawa,Shusuke Asano,Shusuke Soma,Shuya Komaki,Sieg Lieben,Soichi Kiyota,Soichiro Irie,Soji Higashiyama,Soji Okita,Sojiro Mikumo,Sora Hirosue,Soshi,Sosuke Kikuchi,Sota Yamamoto,Subaru Ichiyanagi,Suguru Kuga,Sui Claude Saigu,Suzumu Mado,Tadanobu Nomura,Taiga Kujo,Taiyo Inami,Takahisa Togo,Takamasa Saeki,Takamune Kitami,Takane Momochi,Takao Maruyama,Takashi Ninagawa,Takeshi Yuno,Taketo Kanzaki,Taki Kozaki,Taku Hayama,Tamaki Kikushima,Tamotsu Goda,Taro Akuchi,Tatsuro Togoshi,Tauxolouve,Tengoku Shima,Teorus,Tomoki Matsuba,Toranosuke Hajime,Toru Kurosawa,Toshiaki Kijima,Toshiki Kasumi,Toshizo Hijikata,Towa,Trevor Konno,Tsubaki Iriyama,Tsukumo Kobayakawa,Ukyo Senkawa,Wataru Eboshi,Wilfred A. Spencer,Yakov Chernenkov,Yamato Kougami,Yasumi Arimura,Yasuto Kanzaki,Yoh Kobayakawa,Yohji Furuya,Yojiro Maki,Yu Agatsuma,Yuji Saionji,Yuki Arisugawa,Yuki Saejima,Yukihisa Maki,Yukinojo,Yuma Akagi,Yuri Kazumoto,Yuta Kajima,Yutaka Tennoji,Yuto Tsuruya,Yuya Abe,Yuzuki Kitaoji,Zain,Zyglavis
2025-10-18 21:00:00+00:00,,,,,,,,,,,,,,,,,,,,,,,,,,,,,,,,,,,,,,,,,,,,,,,,,,,,,,,,,,,,,,,,,,,,,,,,,,,,,,,,,,,,,,,,,,,,,,,,,,,,,,,,,,,,,,,,,,,,,,,,,,,,,,,,,,,,,,,,,,,,,,,,,,,,,,,,,,,,,,,,,,,,,,,,,,,,,,,,,,,,,,,,,,,,,,,,,,,,,,,,,,,,,,,,,,,,,,,,,,,,,,,,,,,,,,,,,,,,,,,,,,,,,,,,,,,,,,,,,,,,,,,,,,,,,,,,,,,,,,,,,,,,,,,,,,,,,,,,,,,,,,,,,,,,,,,,,,
2025-10-18 22:00:00+00:00,196.0,8.0,58.0,22.0,,44.0,212.0,21.0,505.0,503.0,16.0,45.0,,8.0,,12.0,14.0,30.0,2310.0,2269.0,18.0,2797.0,9.0,20.0,185.0,32.0,9.0,123.0,1586.0,16.0,186.0,1347.0,440.0,200.0,15.0,12.0,70.0,66.0,,42.0,26.0,369.0,9.0,33.0,18.0,12.0,14.0,539.0,,516.0,18.0,15.0,,34.0,,108.0,2866.0,41.0,47.0,852.0,27.0,190.0,100.0,2136.0,23.0,70.0,2680.0,,1055.0,,176.0,227.0,20.0,313.0,117.0,183.0,58.0,339.0,931.0,261.0,84.0,227.0,25.0,335.0,20.0,118.0,29.0,403.0,71.0,49.0,14.0,12.0,498.0,,204.0,24.0,203.0,2888.0,92.0,9.0,558.0,178.0,35.0,1535.0,17.0,47.0,437.0,240.0,50.0,149.0,13.0,108.0,81.0,120.0,381.0,49.0,14.0,20.0,26.0,16.0,52.0,101.0,883.0,38.0,96.0,182.0,40.0,457.0,31.0,9.0,62.0,4020.0,19.0,35.0,885.0,16.0,8.0,15.0,87.0,489.0,50.0,2511.0,59.0,708.0,2281.0,68.0,19.0,36.0,3114.0,,35.0,43.0,37.0,277.0,90.0,218.0,2515.0,98.0,141.0,1800.0,21.0,341.0,10.0,589.0,1676.0,548.0,83.0,61.0,129.0,11.0,126.0,52.0,67.0,8.0,63.0,641.0,205.0,317.0,511.0,224.0,195.0,60.0,12.0,248.0,4662.0,10.0,13.0,54.0,956.0,478.0,879.0,583.0,954.0,30.0,116.0,59.0,11.0,45.0,122.0,133.0,308.0,12.0,143.0,1036.0,26.0,16.0,216.0,59.0,10.0,109.0,83.0,13.0,561.0,24.0,25.0,32.0,12.0,139.0,7897.0,60.0,2392.0,105.0,1118.0,70.0,181.0,,438.0,13.0,12.0,36.0,240.0,11.0,27.0,762.0,24.0,,46.0,150.0,31.0,63.0,320.0,156.0,25.0,325.0,54.0,900.0,8.0,68.0,102.0,2222.0,8.0,63.0,39.0,106.0,65.0,524.0,239.0,9.0,213.0,934.0,185.0,33.0,116.0,264.0,2350.0,379.0,96.0,550.0,770.0,35.0,3278.0,94.0,34.0,12.0,1101.0,22.0,1423.0,81.0,47.0,29.0,8.0,3492.0,105.0,7368.0,600.0,247.0,18.0,1604.0,133.0,1377.0,524.0,41.0,1404.0,1481.0,14.0,14.0,155.0,15.0,9.0,16.0,44.0,102.0,10.0,514.0,53.0,1130.0,17.0,17.0,147.0,16.0,17.0,38.0,53.0,9288.0
2025-10-18 23:00:00+00:00,196.0,8.0,58.0,22.0,,44.0,215.0,21.0,505.0,503.0,16.0,45.0,,8.0,,12.0,14.0,30.0,2311.0,2269.0,18.0,2797.0,9.0,20.0,185.0,32.0,9.0,123.0,1616.0,16.0,186.0,1347.0,440.0,200.0,15.0,12.0,70.0,66.0,,42.0,26.0,369.0,9.0,33.0,18.0,12.0,14.0,539.0,,516.0,18.0,15.0,,34.0,,108.0,2866.0,41.0,47.0,852.0,27.0,190.0,100.0,2137.0,23.0,70.0,2680.0,,1055.0,,176.0,227.0,20.0,313.0,117.0,183.0,58.0,339.0,931.0,261.0,84.0,227.0,25.0,335.0,20.0,118.0,29.0,403.0,71.0,49.0,14.0,12.0,498.0,,204.0,25.0,252.0,3039.0,92.0,9.0,558.0,178.0,35.0,1535.0,17.0,47.0,437.0,240.0,50.0,152.0,13.0,108.0,81.0,120.0,381.0,49.0,14.0,20.0,26.0,16.0,52.0,101.0,884.0,38.0,96.0,182.0,40.0,457.0,31.0,9.0,62.0,4020.0,19.0,35.0,886.0,16.0,8.0,15.0,87.0,489.0,50.0,2511.0,59.0,708.0,2281.0,68.0,19.0,36.0,3116.0,,35.0,43.0,37.0,277.0,90.0,218.0,2515.0,98.0,141.0,1800.0,21.0,341.0,10.0,589.0,1676.0,548.0,83.0,61.0,129.0,11.0,126.0,52.0,67.0,8.0,63.0,641.0,205.0,317.0,511.0,225.0,195.0,60.0,12.0,248.0,4663.0,10.0,13.0,54.0,956.0,478.0,879.0,583.0,955.0,30.0,116.0,59.0,11.0,45.0,122.0,133.0,308.0,12.0,143.0,1036.0,26.0,16.0,216.0,59.0,10.0,109.0,83.0,13.0,561.0,24.0,25.0,32.0,12.0,139.0,7897.0,60.0,2392.0,105.0,1119.0,70.0,181.0,,438.0,13.0,12.0,36.0,240.0,11.0,27.0,762.0,24.0,,46.0,150.0,31.0,63.0,320.0,156.0,25.0,325.0,54.0,900.0,8.0,68.0,102.0,2223.0,8.0,63.0,39.0,106.0,65.0,524.0,239.0,9.0,213.0,934.0,205.0,33.0,116.0,264.0,2350.0,379.0,99.0,550.0,770.0,35.0,3279.0,94.0,34.0,12.0,1101.0,22.0,1423.0,81.0,47.0,29.0,8.0,3492.0,105.0,7468.0,600.0,247.0,18.0,1604.0,133.0,1377.0,524.0,41.0,1484.0,1482.0,14.0,14.0,155.0,15.0,9.0,16.0,44.0,102.0,10.0,514.0,53.0,1131.0,17.0,17.0,147.0,16.0,17.0,38.0,53.0,9288.0
2025-10-19 00:00:00+00:00,199.0,8.0,58.0,22.0,,44.0,215.0,21.0,505.0,503.0,16.0,45.0,,8.0,,12.0,14.0,30.0,2311.0,2379.0,18.0,2797.0,9.0,20.0,185.0,32.0,9.0,123.0,1616.0,16.0,186.0,1347.0,440.0,200.0,15.0,12.0,70.0,66.0,,42.0,26.0,369.0,9.0,33.0,18.0,12.0,14.0,539.0,,516.0,18.0,15.0,,34.0,,108.0,2866.0,41.0,47.0,852.0,27.0,190.0,100.0,2137.0,23.0,70.0,2680.0,,1055.0,,176.0,227.0,20.0,313.0,117.0,183.0,58.0,339.0,931.0,261.0,84.0,227.0,25.0,335.0,20.0,118.0,29.0,403.0,71.0,49.0,14.0,12.0,498.0,,204.0,25.0,252.0,3039.0,92.0,9.0,558.0,178.0,35.0,1535.0,17.0,47.0,437.0,240.0,50.0,152.0,13.0,108.0,81.0,120.0,381.0,49.0,14.0,20.0,26.0,16.0,52.0,101.0,884.0,38.0,96.0,182.0,40.0,457.0,31.0,9.0,62.0,4020.0,19.0,35.0,886.0,16.0,8.0,15.0,87.0,489.0,50.0,2511.0,59.0,708.0,2281.0,68.0,19.0,36.0,3116.0,,35.0,43.0,37.0,277.0,90.0,218.0,2515.0,98.0,141.0,1800.0,21.0,341.0,10.0,589.0,1676.0,548.0,83.0,61.0,129.0,11.0,126.0,52.0,67.0,8.0,63.0,641.0,205.0,317.0,511.0,225.0,195.0,60.0,12.0,248.0,4663.0,10.0,13.0,54.0,956.0,478.0,879.0,583.0,955.0,30.0,116.0,59.0,11.0,45.0,122.0,133.0,308.0,12.0,143.0,1036.0,26.0,16.0,216.0,59.0,10.0,109.0,83.0,13.0,561.0,24.0,25.0,32.0,12.0,139.0,7897.0,60.0,2392.0,105.0,1119.0,70.0,181.0,,438.0,13.0,12.0,36.0,240.0,11.0,27.0,762.0,24.0,,46.0,150.0,31.0,63.0,320.0,156.0,25.0,325.0,54.0,900.0,8.0,68.0,102.0,2223.0,8.0,63.0,39.0,106.0,65.0,524.0,239.0,9.0,213.0,934.0,205.0,33.0,116.0,264.0,2350.0,379.0,99.0,550.0,770.0,35.0,3279.0,94.0,34.0,12.0,1101.0,22.0,1423.0,81.0,47.0,29.0,8.0,3492.0,105.0,7498.0,600.0,247.0,18.0,1604.0,133.0,1377.0,524.0,41.0,1484.0,1482.0,14.0,14.0,155.0,15.0,9.0,16.0,44.0,102.0,10.0,514.0,53.0,1131.0,17.0,17.0,147.0,16.0,17.0,38.0,53.0,11515.0
2025-10-19 01:00:00+00:00,199.0,8.0,58.0,22.0,,44.0,215.0,21.0,505.0,503.0,16.0,45.0,,8.0,,12.0,14.0,30.0,2311.0,2379.0,18.0,2797.0,9.0,20.0,185.0,32.0,9.0,123.0,1616.0,16.0,186.0,1547.0,440.0,200.0,15.0,12.0,70.0,66.0,,42.0,26.0,369.0,9.0,33.0,18.0,12.0,14.0,539.0,,516.0,18.0,15.0,,34.0,,108.0,2866.0,41.0,47.0,852.0,27.0,190.0,100.0,2137.0,23.0,70.0,2740.0,,1055.0,,176.0,227.0,20.0,313.0,117.0,183.0,58.0,339.0,931.0,261.0,84.0,227.0,25.0,335.0,20.0,118.0,29.0,403.0,71.0,49.0,14.0,12.0,498.0,,204.0,25.0,252.0,3039.0,92.0,9.0,558.0,178.0,35.0,1535.0,17.0,47.0,437.0,240.0,50.0,152.0,13.0,108.0,81.0,120.0,381.0,49.0,14.0,20.0,26.0,16.0,52.0,101.0,884.0,38.0,96.0,182.0,40.0,457.0,31.0,9.0,62.0,4032.0,19.0,35.0,886.0,16.0,8.0,15.0,87.0,489.0,50.0,2511.0,59.0,708.0,2281.0,68.0,19.0,36.0,3116.0,,35.0,43.0,37.0,277.0,90.0,218.0,2515.0,98.0,141.0,1800.0,21.0,341.0,10.0,589.0,1676.0,548.0,83.0,61.0,129.0,11.0,126.0,52.0,67.0,8.0,63.0,641.0,215.0,317.0,511.0,225.0,195.0,60.0,12.0,250.0,4663.0,10.0,13.0,54.0,956.0,478.0,879.0,583.0,955.0,30.0,116.0,59.0,11.0,45.0,122.0,133.0,308.0,12.0,143.0,1036.0,26.0,16.0,216.0,59.0,10.0,109.0,83.0,13.0,561.0,24.0,25.0,32.0,12.0,139.0,7897.0,60.0,2392.0,105.0,1119.0,70.0,181.0,,438.0,13.0,12.0,36.0,240.0,11.0,27.0,762.0,24.0,,46.0,150.0,31.0,63.0,320.0,156.0,25.0,325.0,54.0,900.0,8.0,68.0,102.0,2223.0,8.0,63.0,39.0,106.0,65.0,524.0,239.0,9.0,213.0,934.0,205.0,33.0,116.0,264.0,2350.0,379.0,99.0,550.0,770.0,35.0,3279.0,94.0,34.0,12.0,1101.0,22.0,1423.0,81.0,47.0,29.0,8.0,3492.0,105.0,7498.0,600.0,247.0,18.0,1604.0,133.0,1377.0,524.0,41.0,1484.0,1482.0,14.0,14.0,155.0,15.0,9.0,16.0,44.0,102.0,10.0,514.0,53.0,1131.0,17.0,17.0,147.0,16.0,17.0,38.0,53.0,11515.0
2025-10-19 02:00:00+00:00,199.0,8.0,58.0,22.0,,44.0,215.0,21.0,505.0,503.0,16.0,45.0,,8.0,,12.0,14.0,30.0,2311.0,2939.0,18.0,2797.0,9.0,20.0,185.0,32.0,9.0,123.0,1616.0,16.0,186.0,1547.0,440.0,200.0,15.0,12.0,70.0,66.0,,42.0,26.0,369.0,9.0,33.0,18.0,12.0,14.0,539.0,,516.0,18.0,15.0,,34.0,,108.0,2866.0,41.0,47.0,852.0,27.0,190.0,100.0,2137.0,23.0,70.0,2740.0,,1055.0,,176.0,227.0,20.0,313.0,117.0,183.0,58.0,339.0,931.0,261.0,84.0,227.0,25.0,335.0,20.0,118.0,29.0,403.0,71.0,49.0,14.0,12.0,498.0,,204.0,25.0,252.0,3041.0,92.0,9.0,558.0,178.0,35.0,1535.0,17.0,47.0,437.0,240.0,50.0,152.0,13.0,108.0,81.0,120.0,381.0,49.0,14.0,20.0,26.0,16.0,52.0,101.0,884.0,38.0,96.0,182.0,40.0,557.0,31.0,9.0,62.0,4032.0,19.0,35.0,886.0,16.0,8.0,15.0,87.0,489.0,50.0,2511.0,59.0,708.0,2281.0,68.0,19.0,36.0,3116.0,,35.0,43.0,37.0,277.0,90.0,218.0,2517.0,98.0,141.0,1800.0,21.0,341.0,10.0,589.0,1676.0,548.0,83.0,61.0,129.0,11.0,126.0,52.0,67.0,8.0,63.0,641.0,215.0,317.0,511.0,225.0,195.0,60.0,12.0,250.0,4663.0,10.0,13.0,54.0,956.0,478.0,879.0,583.0,955.0,30.0,116.0,59.0,11.0,45.0,122.0,133.0,308.0,12.0,143.0,1136.0,26.0,16.0,216.0,59.0,10.0,109.0,83.0,13.0,561.0,24.0,25.0,32.0,12.0,139.0,7897.0,60.0,2392.0,105.0,1119.0,70.0,181.0,,438.0,13.0,12.0,36.0,240.0,11.0,27.0,762.0,24.0,,46.0,150.0,31.0,63.0,320.0,156.0,25.0,325.0,54.0,900.0,8.0,68.0,102.0,2223.0,8.0,63.0,39.0,106.0,65.0,524.0,239.0,9.0,213.0,934.0,205.0,33.0,116.0,264.0,2350.0,379.0,99.0,550.0,770.0,35.0,3279.0,94.0,34.0,12.0,1101.0,22.0,1423.0,81.0,47.0,29.0,8.0,3492.0,105.0,7499.0,600.0,247.0,18.0,1604.0,133.0,1377.0,524.0,241.0,1485.0,1522.0,14.0,14.0,155.0,15.0,9.0,16.0,44.0,102.0,10.0,514.0,53.0,1131.0,17.0,17.0,147.0,16.0,17.0,38.0,53.0,11515.0
2025-10-19 03:00:00+00:00,199.0,8.0,243.0,22.0,,44.0,215.0,21.0,505.0,503.0,16.0,45.0,,8.0,,12.0,14.0,30.0,2311.0,2939.0,18.0,2797.0,9.0,20.0,185.0,32.0,9.0,123.0,1616.0,16.0,186.0,1547.0,440.0,200.0,15.0,12.0,70.0,66.0,,47.0,26.0,369.0,9.0,33.0,18.0,12.0,14.0,539.0,,516.0,18.0,15.0,,34.0,,108.0,2866.0,41.0,47.0,852.0,27.0,190.0,100.0,2137.0,23.0,70.0,2740.0,,1055.0,,176.0,227.0,20.0,313.0,117.0,183.0,58.0,339.0,931.0,261.0,84.0,227.0,25.0,335.0,20.0,118.0,29.0,403.0,71.0,49.0,14.0,12.0,498.0,,204.0,25.0,252.0,3041.0,92.0,9.0,558.0,178.0,35.0,1555.0,17.0,47.0,437.0,240.0,50.0,152.0,13.0,108.0,81.0,120.0,381.0,49.0,14.0,20.0,26.0,16.0,52.0,101.0,884.0,58.0,96.0,182.0,45.0,557.0,31.0,9.0,62.0,4032.0,19.0,35.0,886.0,16.0,8.0,15.0,87.0,489.0,50.0,2511.0,59.0,708.0,2281.0,68.0,19.0,36.0,3116.0,,35.0,43.0,37.0,277.0,110.0,218.0,2517.0,98.0,141.0,1800.0,21.0,341.0,10.0,589.0,1676.0,548.0,83.0,61.0,129.0,11.0,126.0,52.0,67.0,8.0,63.0,641.0,215.0,317.0,511.0,225.0,195.0,60.0,12.0,250.0,4663.0,10.0,13.0,54.0,961.0,478.0,879.0,583.0,955.0,30.0,116.0,59.0,11.0,45.0,122.0,133.0,308.0,12.0,143.0,1136.0,26.0,16.0,216.0,59.0,10.0,109.0,83.0,13.0,561.0,24.0,25.0,32.0,12.0,139.0,7908.0,60.0,2392.0,105.0,1119.0,70.0,181.0,,438.0,13.0,12.0,41.0,240.0,11.0,27.0,762.0,24.0,,46.0,150.0,31.0,63.0,320.0,156.0,25.0,325.0,54.0,900.0,8.0,68.0,102.0,2343.0,8.0,63.0,39.0,106.0,65.0,524.0,239.0,9.0,213.0,934.0,205.0,33.0,116.0,264.0,2350.0,379.0,99.0,550.0,770.0,35.0,3279.0,94.0,34.0,12.0,1101.0,22.0,1423.0,81.0,47.0,29.0,8.0,3492.0,105.0,7499.0,600.0,247.0,18.0,1605.0,133.0,1377.0,544.0,241.0,1485.0,1522.0,14.0,19.0,155.0,15.0,9.0,16.0,44.0,107.0,10.0,514.0,53.0,1131.0,17.0,17.0,147.0,16.0,17.0,38.0,53.0,11525.0
2025-10-19 04:00:00+00:00,199.0,8.0,243.0,22.0,,44.0,215.0,21.0,505.0,503.0,16.0,45.0,,8.0,,12.0,14.0,30.0,2311.0,2939.0,18.0,2797.0,9.0,20.0,185.0,32.0,9.0,123.0,1616.0,16.0,186.0,1547.0,440.0,200.0,15.0,12.0,70.0,66.0,,47.0,26.0,369.0,9.0,33.0,18.0,12.0,14.0,539.0,,516.0,18.0,15.0,,34.0,,108.0,2866.0,41.0,47.0,852.0,27.0,190.0,100.0,2137.0,23.0,70.0,2740.0,,1055.0,,176.0,227.0,20.0,313.0,117.0,183.0,58.0,339.0,931.0,261.0,84.0,227.0,25.0,335.0,20.0,118.0,29.0,403.0,71.0,49.0,14.0,12.0,498.0,,204.0,25.0,252.0,3041.0,92.0,9.0,558.0,178.0,35.0,1555.0,17.0,47.0,437.0,240.0,50.0,152.0,13.0,108.0,81.0,120.0,381.0,49.0,14.0,20.0,26.0,16.0,52.0,101.0,1384.0,58.0,96.0,182.0,45.0,557.0,31.0,9.0,62.0,4032.0,19.0,35.0,886.0,16.0,8.0,15.0,87.0,489.0,50.0,2511.0,59.0,708.0,2281.0,68.0,519.0,36.0,3116.0,,35.0,43.0,37.0,277.0,110.0,218.0,2517.0,98.0,141.0,1800.0,21.0,341.0,10.0,589.0,1676.0,548.0,83.0,61.0,129.0,11.0,126.0,52.0,67.0,8.0,63.0,641.0,215.0,317.0,511.0,225.0,195.0,60.0,12.0,250.0,4663.0,10.0,13.0,54.0,1019.0,478.0,879.0,583.0,955.0,30.0,116.0,59.0,11.0,45.0,122.0,133.0,308.0,12.0,143.0,1136.0,26.0,16.0,216.0,59.0,10.0,109.0,83.0,13.0,561.0,24.0,25.0,32.0,12.0,139.0,7908.0,60.0,2392.0,105.0,1119.0,70.0,181.0,,438.0,13.0,12.0,41.0,240.0,11.0,27.0,762.0,24.0,,46.0,150.0,31.0,63.0,320.0,156.0,25.0,325.0,54.0,900.0,8.0,68.0,102.0,2343.0,8.0,63.0,39.0,106.0,65.0,524.0,239.0,9.0,213.0,934.0,205.0,33.0,116.0,264.0,2353.0,379.0,99.0,550.0,770.0,35.0,3279.0,94.0,34.0,12.0,1122.0,22.0,1423.0,81.0,47.0,29.0,8.0,3492.0,105.0,7500.0,600.0,247.0,18.0,1605.0,133.0,1377.0,544.0,241.0,1485.0,1522.0,14.0,19.0,155.0,15.0,9.0,16.0,44.0,107.0,210.0,554.0,53.0,1131.0,17.0,17.0,147.0,16.0,17.0,38.0,53.0,12115.0
2025-10-19 05:00:00+00:00,199.0,8.0,243.0,22.0,,44.0,215.0,21.0,505.0,503.0,16.0,45.0,,8.0,,12.0,14.0,30.0,2311.0,2939.0,18.0,2797.0,9.0,20.0,185.0,32.0,9.0,123.0,1616.0,16.0,186.0,1547.0,440.0,200.0,15.0,12.0,70.0,66.0,,47.0,26.0,369.0,9.0,33.0,18.0,12.0,14.0,539.0,,516.0,18.0,15.0,,34.0,,108.0,2866.0,41.0,47.0,852.0,27.0,190.0,100.0,2137.0,23.0,70.0,2740.0,,1055.0,,176.0,227.0,20.0,313.0,117.0,183.0,58.0,339.0,931.0,261.0,84.0,227.0,25.0,335.0,20.0,118.0,29.0,403.0,71.0,49.0,14.0,12.0,498.0,,204.0,25.0,252.0,3041.0,92.0,9.0,558.0,178.0,35.0,1555.0,17.0,47.0,437.0,240.0,50.0,152.0,13.0,108.0,81.0,120.0,381.0,49.0,14.0,20.0,26.0,16.0,52.0,101.0,1384.0,58.0,96.0,182.0,45.0,557.0,31.0,9.0,62.0,4132.0,19.0,35.0,886.0,16.0,8.0,15.0,87.0,489.0,50.0,2511.0,59.0,708.0,2281.0,83.0,519.0,36.0,3116.0,,35.0,43.0,37.0,277.0,110.0,234.0,2517.0,98.0,141.0,1800.0,21.0,341.0,10.0,589.0,1676.0,548.0,83.0,61.0,129.0,11.0,126.0,52.0,67.0,8.0,63.0,741.0,215.0,317.0,511.0,225.0,195.0,60.0,12.0,250.0,4663.0,10.0,13.0,54.0,1019.0,492.0,879.0,583.0,1005.0,30.0,116.0,59.0,11.0,45.0,122.0,133.0,308.0,12.0,143.0,1136.0,26.0,16.0,216.0,59.0,10.0,109.0,85.0,13.0,561.0,24.0,25.0,32.0,12.0,139.0,7908.0,60.0,2392.0,105.0,1519.0,70.0,181.0,,438.0,13.0,12.0,41.0,240.0,11.0,27.0,762.0,24.0,,46.0,150.0,31.0,63.0,320.0,156.0,25.0,325.0,54.0,900.0,8.0,68.0,102.0,2373.0,8.0,63.0,39.0,106.0,65.0,524.0,239.0,9.0,213.0,934.0,205.0,33.0,116.0,264.0,2353.0,379.0,99.0,550.0,770.0,35.0,3279.0,94.0,34.0,12.0,1122.0,22.0,1423.0,82.0,47.0,29.0,8.0,3492.0,105.0,7500.0,600.0,247.0,18.0,1605.0,133.0,1377.0,544.0,241.0,1485.0,1522.0,14.0,19.0,155.0,15.0,9.0,16.0,44.0,107.0,210.0,554.0,53.0,1131.0,58.0,17.0,147.0,16.0,17.0,38.0,53.0,12115.0
2025-10-19 06:00:00+00:00,199.0,8.0,243.0,22.0,,44.0,215.0,21.0,505.0,503.0,16.0,45.0,,8.0,,12.0,14.0,30.0,2311.0,2939.0,18.0,2797.0,9.0,20.0,185.0,32.0,9.0,123.0,1616.0,16.0,186.0,1547.0,440.0,200.0,15.0,12.0,70.0,66.0,,47.0,26.0,369.0,9.0,33.0,18.0,12.0,14.0,539.0,,516.0,18.0,15.0,,34.0,,108.0,2866.0,41.0,47.0,852.0,27.0,190.0,100.0,2137.0,23.0,70.0,2740.0,,1055.0,,176.0,227.0,20.0,313.0,117.0,183.0,58.0,339.0,931.0,261.0,84.0,227.0,25.0,335.0,20.0,118.0,29.0,403.0,71.0,49.0,14.0,12.0,498.0,,204.0,25.0,252.0,3041.0,92.0,9.0,558.0,178.0,35.0,1555.0,17.0,47.0,437.0,240.0,50.0,152.0,13.0,108.0,81.0,120.0,381.0,49.0,14.0,20.0,26.0,16.0,52.0,101.0,1384.0,58.0,96.0,182.0,45.0,557.0,31.0,9.0,62.0,4132.0,19.0,35.0,886.0,16.0,8.0,15.0,87.0,489.0,50.0,2511.0,59.0,708.0,2381.0,83.0,519.0,36.0,3131.0,,35.0,43.0,37.0,277.0,110.0,234.0,2517.0,98.0,141.0,1800.0,21.0,341.0,10.0,589.0,1676.0,548.0,83.0,61.0,129.0,11.0,126.0,52.0,67.0,8.0,63.0,741.0,215.0,317.0,511.0,225.0,195.0,60.0,12.0,250.0,4663.0,10.0,13.0,54.0,1019.0,492.0,879.0,583.0,1005.0,30.0,116.0,59.0,11.0,45.0,122.0,133.0,308.0,12.0,143.0,1136.0,26.0,16.0,216.0,59.0,10.0,109.0,85.0,13.0,561.0,24.0,25.0,32.0,12.0,139.0,7908.0,60.0,2392.0,105.0,1519.0,70.0,181.0,,438.0,13.0,12.0,41.0,240.0,11.0,27.0,762.0,24.0,,46.0,150.0,31.0,63.0,320.0,156.0,25.0,325.0,54.0,900.0,8.0,68.0,102.0,2373.0,8.0,63.0,39.0,106.0,65.0,524.0,239.0,9.0,213.0,934.0,205.0,33.0,116.0,264.0,2353.0,379.0,99.0,550.0,770.0,35.0,3283.0,94.0,34.0,12.0,1122.0,22.0,1423.0,82.0,47.0,29.0,8.0,3492.0,105.0,7500.0,600.0,247.0,18.0,1605.0,133.0,1377.0,544.0,241.0,1485.0,1522.0,14.0,19.0,155.0,15.0,9.0,16.0,44.0,107.0,210.0,554.0,53.0,1131.0,58.0,17.0,147.0,16.0,17.0,38.0,53.0,12115.0
2025-10-19 07:00:00+00:00,199.0,8.0,243.0,22.0,,44.0,215.0,21.0,505.0,503.0,16.0,45.0,,8.0,,12.0,14.0,30.0,2311.0,2939.0,18.0,2797.0,9.0,20.0,185.0,32.0,9.0,123.0,1616.0,16.0,186.0,1547.0,440.0,200.0,15.0,12.0,70.0,66.0,,47.0,26.0,369.0,9.0,33.0,18.0,12.0,14.0,539.0,,516.0,18.0,15.0,,34.0,,108.0,2866.0,41.0,47.0,852.0,27.0,190.0,100.0,2137.0,23.0,70.0,2740.0,,1055.0,,176.0,227.0,20.0,313.0,117.0,183.0,58.0,339.0,931.0,261.0,84.0,227.0,25.0,335.0,20.0,118.0,29.0,403.0,71.0,49.0,14.0,12.0,498.0,,204.0,25.0,252.0,3042.0,92.0,9.0,558.0,178.0,35.0,1615.0,17.0,47.0,437.0,240.0,50.0,152.0,13.0,108.0,81.0,120.0,381.0,49.0,14.0,20.0,26.0,16.0,52.0,101.0,1384.0,58.0,96.0,182.0,45.0,557.0,31.0,9.0,62.0,4132.0,19.0,35.0,886.0,16.0,8.0,15.0,87.0,489.0,50.0,2511.0,59.0,708.0,2381.0,83.0,519.0,36.0,3131.0,,35.0,43.0,37.0,277.0,110.0,234.0,2517.0,98.0,141.0,1800.0,21.0,341.0,10.0,589.0,1676.0,568.0,83.0,61.0,129.0,11.0,126.0,52.0,68.0,8.0,63.0,741.0,215.0,317.0,511.0,225.0,195.0,60.0,13.0,250.0,4663.0,10.0,13.0,54.0,1019.0,492.0,879.0,583.0,1005.0,30.0,116.0,59.0,11.0,45.0,122.0,133.0,308.0,12.0,143.0,1136.0,26.0,16.0,216.0,59.0,10.0,109.0,85.0,13.0,561.0,24.0,25.0,32.0,12.0,139.0,7948.0,60.0,2392.0,105.0,1519.0,70.0,181.0,,439.0,13.0,12.0,41.0,240.0,11.0,27.0,762.0,24.0,,46.0,150.0,31.0,63.0,320.0,156.0,25.0,325.0,54.0,900.0,8.0,68.0,102.0,2373.0,8.0,63.0,39.0,106.0,65.0,524.0,239.0,9.0,213.0,934.0,205.0,33.0,116.0,264.0,2353.0,379.0,99.0,675.0,770.0,35.0,3283.0,94.0,34.0,12.0,1122.0,22.0,1423.0,82.0,47.0,29.0,8.0,3492.0,105.0,7800.0,600.0,247.0,18.0,1605.0,133.0,1377.0,544.0,241.0,1485.0,1522.0,14.0,19.0,155.0,15.0,9.0,16.0,44.0,107.0,210.0,554.0,53.0,1131.0,58.0,17.0,147.0,16.0,17.0,38.0,53.0,12115.0
2025-10-19 08:00:00+00:00,199.0,8.0,243.0,22.0,,44.0,215.0,21.0,505.0,523.0,16.0,45.0,,8.0,,12.0,14.0,30.0,2321.0,2939.0,18.0,2807.0,9.0,20.0,185.0,32.0,9.0,123.0,1616.0,16.0,186.0,1547.0,440.0,200.0,15.0,12.0,70.0,66.0,,47.0,26.0,369.0,9.0,33.0,18.0,12.0,14.0,539.0,,516.0,18.0,15.0,,34.0,,108.0,2866.0,41.0,47.0,852.0,27.0,190.0,120.0,2137.0,23.0,70.0,2840.0,,1055.0,,176.0,267.0,20.0,353.0,117.0,183.0,58.0,339.0,931.0,261.0,84.0,227.0,25.0,335.0,20.0,118.0,29.0,413.0,71.0,49.0,14.0,12.0,508.0,,204.0,25.0,252.0,3042.0,92.0,9.0,558.0,178.0,35.0,1615.0,17.0,47.0,437.0,240.0,50.0,152.0,13.0,108.0,81.0,120.0,381.0,49.0,14.0,20.0,26.0,36.0,52.0,101.0,1384.0,58.0,96.0,182.0,45.0,557.0,31.0,9.0,62.0,4212.0,19.0,35.0,886.0,16.0,8.0,15.0,87.0,490.0,50.0,2511.0,59.0,718.0,2481.0,83.0,519.0,36.0,3131.0,,35.0,43.0,37.0,277.0,110.0,234.0,2517.0,98.0,141.0,1850.0,21.0,341.0,10.0,589.0,1676.0,572.0,83.0,61.0,129.0,11.0,151.0,52.0,78.0,8.0,63.0,741.0,215.0,317.0,511.0,225.0,195.0,60.0,13.0,250.0,4664.0,10.0,13.0,54.0,1019.0,492.0,889.0,583.0,1015.0,30.0,116.0,59.0,16.0,45.0,122.0,133.0,318.0,12.0,143.0,1136.0,26.0,16.0,216.0,59.0,10.0,109.0,85.0,13.0,571.0,24.0,25.0,32.0,12.0,139.0,8048.0,60.0,2392.0,105.0,1519.0,70.0,181.0,,439.0,13.0,12.0,41.0,240.0,11.0,27.0,762.0,24.0,,46.0,150.0,31.0,63.0,340.0,156.0,25.0,325.0,54.0,900.0,8.0,68.0,102.0,2373.0,8.0,63.0,39.0,106.0,65.0,524.0,239.0,9.0,213.0,934.0,205.0,33.0,116.0,264.0,2353.0,379.0,99.0,675.0,770.0,35.0,3293.0,94.0,34.0,12.0,1122.0,22.0,1423.0,82.0,57.0,29.0,8.0,3492.0,105.0,7800.0,600.0,247.0,18.0,1605.0,133.0,1377.0,544.0,241.0,1485.0,1522.0,14.0,19.0,155.0,15.0,9.0,16.0,44.0,107.0,210.0,554.0,53.0,1131.0,78.0,17.0,147.0,16.0,17.0,38.0,53.0,12165.0
2025-10-19 09:00:00+00:00,199.0,8.0,243.0,22.0,,45.0,215.0,21.0,505.0,523.0,16.0,45.0,,8.0,,12.0,14.0,30.0,2322.0,2939.0,18.0,2807.0,9.0,21.0,186.0,32.0,9.0,124.0,1616.0,16.0,186.0,1547.0,440.0,200.0,15.0,12.0,70.0,66.0,,47.0,26.0,369.0,9.0,33.0,18.0,12.0,15.0,539.0,,516.0,18.0,15.0,,34.0,,108.0,2866.0,41.0,47.0,852.0,27.0,190.0,120.0,2137.0,23.0,70.0,2841.0,,1056.0,,177.0,267.0,20.0,353.0,117.0,183.0,58.0,339.0,931.0,261.0,84.0,227.0,25.0,335.0,20.0,118.0,29.0,413.0,71.0,49.0,14.0,12.0,508.0,,204.0,25.0,252.0,3042.0,92.0,9.0,558.0,178.0,35.0,1615.0,17.0,47.0,437.0,240.0,50.0,152.0,13.0,109.0,81.0,120.0,381.0,49.0,14.0,20.0,26.0,36.0,52.0,101.0,1384.0,58.0,96.0,182.0,45.0,557.0,31.0,9.0,62.0,4213.0,19.0,35.0,886.0,16.0,8.0,15.0,87.0,490.0,50.0,2511.0,59.0,719.0,2481.0,83.0,519.0,36.0,3131.0,,35.0,43.0,37.0,277.0,110.0,235.0,2517.0,98.0,141.0,1850.0,21.0,343.0,10.0,589.0,1676.0,572.0,83.0,61.0,129.0,11.0,151.0,52.0,78.0,8.0,63.0,741.0,235.0,318.0,511.0,225.0,195.0,60.0,13.0,250.0,4664.0,10.0,13.0,54.0,1020.0,492.0,889.0,583.0,1015.0,30.0,116.0,59.0,16.0,45.0,122.0,133.0,318.0,12.0,143.0,1136.0,26.0,16.0,216.0,59.0,10.0,109.0,85.0,13.0,571.0,24.0,25.0,32.0,12.0,139.0,9152.0,60.0,2392.0,105.0,1519.0,70.0,181.0,,439.0,13.0,12.0,41.0,241.0,11.0,27.0,762.0,24.0,,46.0,150.0,31.0,63.0,340.0,157.0,25.0,325.0,54.0,900.0,8.0,68.0,102.0,2374.0,8.0,63.0,39.0,106.0,65.0,524.0,239.0,9.0,213.0,934.0,205.0,33.0,116.0,264.0,2353.0,379.0,99.0,675.0,770.0,35.0,3303.0,94.0,34.0,12.0,1122.0,22.0,1423.0,82.0,58.0,29.0,8.0,3492.0,105.0,7800.0,601.0,247.0,18.0,1605.0,133.0,1377.0,544.0,241.0,1485.0,1523.0,14.0,19.0,155.0,15.0,9.0,16.0,44.0,107.0,210.0,554.0,54.0,1132.0,78.0,17.0,147.0,16.0,17.0,39.0,53.0,12166.0
2025-10-19 10:00:00+00:00,199.0,8.0,243.0,22.0,,45.0,215.0,21.0,505.0,523.0,16.0,45.0,,8.0,,12.0,14.0,30.0,2322.0,2939.0,18.0,2807.0,9.0,21.0,186.0,32.0,9.0,124.0,1616.0,16.0,186.0,1547.0,441.0,200.0,15.0,12.0,70.0,66.0,,47.0,26.0,369.0,10.0,33.0,18.0,12.0,15.0,539.0,,516.0,18.0,15.0,,34.0,,108.0,4022.0,41.0,47.0,852.0,27.0,190.0,120.0,2137.0,23.0,70.0,2841.0,,1056.0,,177.0,267.0,20.0,354.0,117.0,183.0,58.0,339.0,931.0,261.0,84.0,227.0,25.0,335.0,20.0,118.0,29.0,413.0,71.0,49.0,14.0,12.0,508.0,,204.0,25.0,252.0,3042.0,92.0,10.0,558.0,178.0,35.0,1615.0,17.0,48.0,437.0,240.0,50.0,152.0,13.0,109.0,81.0,120.0,382.0,49.0,14.0,20.0,186.0,36.0,52.0,101.0,1384.0,58.0,96.0,182.0,45.0,557.0,32.0,9.0,62.0,4215.0,19.0,35.0,886.0,16.0,8.0,15.0,87.0,490.0,50.0,2511.0,59.0,719.0,2481.0,83.0,519.0,36.0,3131.0,,35.0,43.0,37.0,277.0,110.0,235.0,2517.0,98.0,141.0,1850.0,21.0,343.0,10.0,589.0,1676.0,572.0,83.0,61.0,129.0,11.0,151.0,52.0,78.0,8.0,63.0,741.0,235.0,318.0,511.0,225.0,196.0,60.0,13.0,250.0,4664.0,10.0,13.0,54.0,1020.0,492.0,889.0,583.0,1015.0,30.0,116.0,59.0,16.0,45.0,122.0,133.0,318.0,12.0,143.0,1136.0,26.0,16.0,216.0,59.0,10.0,109.0,85.0,13.0,581.0,24.0,25.0,32.0,12.0,139.0,9152.0,60.0,2392.0,105.0,1519.0,71.0,181.0,,439.0,13.0,12.0,41.0,241.0,11.0,27.0,762.0,24.0,,46.0,150.0,31.0,63.0,340.0,157.0,28.0,325.0,54.0,900.0,8.0,68.0,102.0,2374.0,8.0,63.0,39.0,106.0,65.0,524.0,239.0,9.0,213.0,934.0,205.0,33.0,116.0,264.0,2353.0,379.0,99.0,675.0,770.0,35.0,3503.0,94.0,34.0,12.0,1122.0,22.0,1423.0,82.0,58.0,29.0,8.0,3492.0,105.0,7801.0,601.0,247.0,18.0,1605.0,133.0,1377.0,544.0,241.0,1485.0,1523.0,14.0,19.0,155.0,15.0,9.0,16.0,44.0,107.0,210.0,554.0,54.0,1132.0,79.0,17.0,147.0,16.0,17.0,39.0,53.0,12168.0
2025-10-19 11:00:00+00:00,199.0,8.0,243.0,22.0,,46.0,223.0,21.0,505.0,524.0,16.0,45.0,,8.0,,12.0,14.0,30.0,2322.0,2939.0,18.0,2807.0,9.0,21.0,197.0,32.0,9.0,125.0,1656.0,16.0,186.0,1618.0,441.0,200.0,15.0,12.0,70.0,66.0,,48.0,26.0,409.0,10.0,33.0,19.0,12.0,16.0,539.0,,516.0,18.0,15.0,8.0,34.0,,109.0,4022.0,41.0,47.0,852.0,27.0,190.0,120.0,2137.0,23.0,71.0,2842.0,,1056.0,,177.0,267.0,20.0,354.0,117.0,184.0,58.0,339.0,931.0,261.0,84.0,227.0,25.0,335.0,20.0,126.0,29.0,414.0,71.0,49.0,14.0,12.0,509.0,,204.0,25.0,252.0,3052.0,92.0,10.0,558.0,179.0,35.0,1615.0,17.0,48.0,437.0,240.0,50.0,162.0,13.0,109.0,81.0,120.0,393.0,49.0,14.0,20.0,186.0,36.0,52.0,112.0,1384.0,58.0,96.0,182.0,45.0,557.0,32.0,9.0,62.0,4220.0,19.0,35.0,897.0,16.0,8.0,15.0,87.0,490.0,50.0,2547.0,59.0,719.0,2491.0,83.0,519.0,36.0,3131.0,,35.0,43.0,37.0,277.0,110.0,236.0,2517.0,98.0,141.0,1850.0,21.0,348.0,10.0,589.0,1676.0,603.0,83.0,61.0,134.0,11.0,151.0,52.0,78.0,8.0,63.0,761.0,235.0,318.0,511.0,225.0,196.0,60.0,13.0,250.0,4664.0,11.0,13.0,54.0,1021.0,492.0,889.0,583.0,1015.0,30.0,116.0,60.0,16.0,45.0,122.0,133.0,318.0,12.0,143.0,1136.0,26.0,16.0,216.0,59.0,10.0,109.0,85.0,13.0,602.0,24.0,25.0,32.0,12.0,139.0,9152.0,60.0,2392.0,106.0,1721.0,71.0,181.0,,439.0,13.0,12.0,41.0,242.0,11.0,27.0,762.0,24.0,,46.0,150.0,31.0,63.0,340.0,157.0,28.0,325.0,54.0,900.0,8.0,68.0,102.0,2375.0,8.0,63.0,39.0,106.0,65.0,555.0,239.0,9.0,213.0,934.0,205.0,33.0,116.0,284.0,2383.0,379.0,99.0,676.0,770.0,36.0,3509.0,94.0,34.0,12.0,1122.0,22.0,1593.0,83.0,58.0,29.0,8.0,3492.0,105.0,11102.0,642.0,247.0,18.0,1605.0,133.0,1377.0,544.0,241.0,1486.0,1524.0,14.0,19.0,155.0,15.0,9.0,16.0,44.0,107.0,210.0,554.0,54.0,1142.0,79.0,17.0,147.0,16.0,17.0,40.0,54.0,12168.0
2025-10-19 12:00:00+00:00,199.0,8.0,243.0,22.0,,46.0,223.0,21.0,505.0,524.0,16.0,45.0,,8.0,,12.0,14.0,30.0,2322.0,2939.0,18.0,2807.0,9.0,21.0,197.0,32.0,9.0,125.0,1736.0,16.0,186.0,1719.0,441.0,200.0,15.0,12.0,70.0,66.0,,48.0,26.0,409.0,10.0,33.0,19.0,12.0,16.0,539.0,,516.0,18.0,15.0,8.0,34.0,,109.0,4022.0,41.0,47.0,852.0,27.0,190.0,120.0,2157.0,23.0,71.0,2842.0,,1056.0,,177.0,267.0,20.0,354.0,117.0,184.0,58.0,339.0,931.0,261.0,84.0,227.0,25.0,335.0,20.0,126.0,29.0,414.0,71.0,49.0,14.0,12.0,509.0,,204.0,25.0,252.0,3052.0,92.0,10.0,558.0,179.0,35.0,1615.0,17.0,48.0,437.0,240.0,50.0,162.0,13.0,109.0,81.0,120.0,393.0,49.0,14.0,20.0,186.0,36.0,52.0,112.0,1384.0,58.0,96.0,182.0,45.0,557.0,32.0,9.0,62.0,4221.0,19.0,35.0,897.0,16.0,8.0,15.0,87.0,490.0,50.0,2547.0,59.0,719.0,2491.0,83.0,519.0,36.0,3251.0,,35.0,43.0,37.0,277.0,110.0,236.0,2517.0,98.0,141.0,1850.0,21.0,348.0,10.0,589.0,1676.0,603.0,83.0,61.0,134.0,11.0,151.0,52.0,78.0,8.0,63.0,761.0,235.0,318.0,511.0,225.0,196.0,60.0,13.0,250.0,4664.0,11.0,13.0,54.0,1021.0,492.0,889.0,583.0,1015.0,30.0,116.0,60.0,16.0,45.0,122.0,133.0,318.0,12.0,143.0,1136.0,26.0,16.0,216.0,59.0,10.0,109.0,85.0,13.0,602.0,24.0,25.0,32.0,12.0,139.0,9152.0,60.0,2392.0,106.0,1722.0,71.0,181.0,,439.0,13.0,12.0,41.0,242.0,11.0,27.0,762.0,24.0,,46.0,150.0,31.0,63.0,340.0,157.0,28.0,325.0,54.0,900.0,8.0,68.0,102.0,2375.0,8.0,63.0,39.0,106.0,65.0,555.0,239.0,9.0,214.0,934.0,205.0,33.0,116.0,284.0,2383.0,379.0,99.0,676.0,770.0,36.0,3509.0,94.0,34.0,12.0,1122.0,22.0,1593.0,83.0,58.0,29.0,8.0,3572.0,105.0,11182.0,642.0,247.0,18.0,1605.0,133.0,1377.0,544.0,241.0,1486.0,1524.0,14.0,19.0,155.0,15.0,9.0,16.0,44.0,107.0,210.0,554.0,54.0,1142.0,79.0,17.0,147.0,16.0,17.0,40.0,54.0,12168.0
2025-10-19 13:00:00+00:00,199.0,8.0,243.0,22.0,,46.0,223.0,21.0,505.0,524.0,16.0,45.0,,8.0,,12.0,14.0,30.0,2322.0,2940.0,18.0,2807.0,9.0,21.0,197.0,32.0,9.0,125.0,1736.0,16.0,186.0,1879.0,591.0,200.0,15.0,12.0,70.0,66.0,,48.0,26.0,409.0,10.0,33.0,19.0,12.0,16.0,539.0,,516.0,18.0,15.0,8.0,34.0,,109.0,4022.0,41.0,47.0,852.0,27.0,190.0,120.0,2165.0,23.0,71.0,2842.0,,1056.0,,177.0,267.0,20.0,354.0,117.0,184.0,58.0,339.0,931.0,261.0,84.0,227.0,25.0,335.0,20.0,126.0,29.0,414.0,71.0,49.0,14.0,12.0,509.0,,204.0,25.0,252.0,3052.0,92.0,10.0,558.0,179.0,35.0,1615.0,17.0,48.0,437.0,240.0,50.0,162.0,13.0,109.0,81.0,120.0,393.0,49.0,14.0,20.0,186.0,36.0,52.0,112.0,1384.0,58.0,96.0,182.0,45.0,557.0,32.0,9.0,62.0,4221.0,19.0,35.0,897.0,16.0,8.0,15.0,87.0,490.0,50.0,2547.0,59.0,719.0,2491.0,83.0,519.0,36.0,3251.0,,35.0,43.0,37.0,277.0,110.0,236.0,2517.0,98.0,141.0,1850.0,21.0,348.0,10.0,589.0,1676.0,603.0,83.0,61.0,134.0,11.0,151.0,52.0,78.0,8.0,63.0,761.0,235.0,318.0,511.0,225.0,196.0,60.0,13.0,250.0,4664.0,11.0,13.0,54.0,1021.0,492.0,889.0,583.0,1015.0,30.0,116.0,60.0,16.0,45.0,122.0,133.0,318.0,12.0,143.0,1136.0,26.0,16.0,216.0,59.0,10.0,109.0,85.0,13.0,602.0,24.0,25.0,32.0,12.0,139.0,9152.0,60.0,2392.0,106.0,2290.0,71.0,181.0,,439.0,13.0,12.0,41.0,242.0,11.0,27.0,762.0,24.0,,46.0,150.0,31.0,63.0,340.0,157.0,28.0,325.0,54.0,900.0,8.0,68.0,102.0,2375.0,8.0,63.0,39.0,106.0,65.0,555.0,239.0,9.0,214.0,934.0,205.0,33.0,116.0,284.0,2383.0,379.0,99.0,676.0,770.0,36.0,3509.0,94.0,34.0,12.0,1122.0,22.0,1593.0,83.0,58.0,29.0,8.0,3572.0,105.0,11282.0,642.0,247.0,18.0,1605.0,133.0,1377.0,544.0,241.0,1486.0,1524.0,14.0,19.0,155.0,15.0,9.0,16.0,44.0,107.0,210.0,554.0,54.0,1142.0,79.0,17.0,147.0,16.0,17.0,40.0,54.0,12168.0
2025-10-19 14:00:00+00:00,199.0,8.0,243.0,22.0,,46.0,238.0,21.0,505.0,524.0,16.0,45.0,,8.0,,12.0,14.0,30.0,2322.0,2945.0,18.0,2807.0,9.0,21.0,197.0,32.0,9.0,125.0,1776.0,16.0,186.0,1881.0,591.0,200.0,15.0,12.0,70.0,66.0,,48.0,26.0,409.0,10.0,33.0,19.0,12.0,16.0,539.0,,516.0,18.0,15.0,8.0,34.0,,109.0,4023.0,41.0,47.0,852.0,27.0,190.0,120.0,2165.0,23.0,71.0,2842.0,,1056.0,,177.0,267.0,20.0,354.0,117.0,184.0,58.0,339.0,931.0,261.0,84.0,227.0,25.0,335.0,20.0,126.0,29.0,414.0,71.0,49.0,14.0,12.0,509.0,,204.0,25.0,252.0,3052.0,92.0,10.0,558.0,179.0,35.0,1615.0,17.0,48.0,437.0,240.0,50.0,162.0,13.0,109.0,281.0,120.0,393.0,49.0,14.0,20.0,186.0,36.0,52.0,112.0,1384.0,58.0,96.0,182.0,45.0,557.0,32.0,9.0,62.0,4221.0,19.0,35.0,897.0,16.0,8.0,15.0,87.0,490.0,50.0,2547.0,59.0,719.0,2491.0,83.0,519.0,136.0,3251.0,,35.0,43.0,37.0,278.0,110.0,236.0,2517.0,98.0,141.0,1850.0,21.0,348.0,10.0,589.0,1676.0,603.0,83.0,61.0,134.0,11.0,151.0,52.0,78.0,8.0,63.0,761.0,235.0,318.0,511.0,225.0,196.0,60.0,13.0,270.0,4665.0,11.0,13.0,54.0,1021.0,492.0,889.0,583.0,1015.0,30.0,116.0,60.0,116.0,45.0,122.0,133.0,318.0,12.0,143.0,1136.0,26.0,16.0,216.0,59.0,10.0,109.0,85.0,13.0,602.0,24.0,25.0,32.0,12.0,139.0,9152.0,146.0,2392.0,106.0,2290.0,71.0,181.0,,439.0,13.0,112.0,41.0,242.0,11.0,27.0,762.0,24.0,,46.0,150.0,31.0,63.0,340.0,157.0,28.0,330.0,54.0,900.0,8.0,68.0,102.0,2375.0,8.0,63.0,39.0,106.0,65.0,555.0,239.0,9.0,214.0,934.0,205.0,33.0,116.0,284.0,2383.0,379.0,99.0,676.0,770.0,36.0,3509.0,94.0,34.0,12.0,1122.0,22.0,1593.0,83.0,58.0,29.0,8.0,3572.0,105.0,11282.0,642.0,247.0,18.0,1605.0,133.0,1377.0,544.0,241.0,1486.0,1524.0,14.0,19.0,155.0,15.0,9.0,16.0,44.0,107.0,210.0,554.0,54.0,1142.0,79.0,17.0,147.0,16.0,17.0,40.0,54.0,12168.0
2025-10-19 15:00:00+00:00,199.0,8.0,243.0,22.0,,46.0,239.0,21.0,505.0,524.0,16.0,45.0,,9.0,,13.0,14.0,31.0,2323.0,2945.0,18.0,2807.0,9.0,21.0,197.0,32.0,9.0,126.0,1857.0,17.0,187.0,1881.0,591.0,200.0,15.0,12.0,70.0,66.0,,48.0,26.0,409.0,10.0,33.0,19.0,12.0,16.0,539.0,,517.0,18.0,15.0,8.0,35.0,,110.0,4027.0,41.0,47.0,852.0,27.0,190.0,121.0,2170.0,24.0,71.0,2843.0,,1056.0,,177.0,267.0,21.0,354.0,118.0,185.0,58.0,342.0,931.0,262.0,87.0,227.0,25.0,335.0,20.0,127.0,29.0,414.0,71.0,49.0,15.0,12.0,510.0,,205.0,26.0,253.0,3052.0,92.0,10.0,559.0,179.0,35.0,1616.0,17.0,48.0,438.0,241.0,51.0,163.0,13.0,110.0,281.0,120.0,394.0,50.0,14.0,20.0,187.0,37.0,52.0,112.0,1384.0,58.0,98.0,183.0,45.0,1057.0,32.0,9.0,62.0,4222.0,19.0,35.0,898.0,16.0,8.0,15.0,87.0,491.0,50.0,2547.0,59.0,719.0,2491.0,83.0,519.0,136.0,3253.0,8.0,35.0,44.0,37.0,278.0,110.0,236.0,2517.0,98.0,141.0,1850.0,21.0,348.0,10.0,589.0,1676.0,603.0,84.0,61.0,134.0,11.0,152.0,52.0,78.0,8.0,63.0,761.0,313.0,318.0,511.0,226.0,196.0,61.0,14.0,270.0,4665.0,11.0,13.0,54.0,1021.0,492.0,889.0,583.0,1016.0,30.0,116.0,60.0,116.0,46.0,122.0,133.0,319.0,13.0,143.0,1136.0,26.0,16.0,217.0,60.0,10.0,109.0,86.0,13.0,602.0,25.0,25.0,32.0,12.0,140.0,9152.0,147.0,2393.0,106.0,2290.0,71.0,181.0,,439.0,13.0,112.0,41.0,243.0,11.0,27.0,762.0,24.0,,46.0,150.0,31.0,63.0,340.0,158.0,28.0,330.0,54.0,900.0,8.0,69.0,102.0,2375.0,8.0,63.0,39.0,106.0,65.0,555.0,239.0,9.0,214.0,935.0,206.0,34.0,116.0,284.0,2384.0,379.0,100.0,677.0,770.0,36.0,3510.0,94.0,35.0,13.0,1122.0,22.0,1594.0,83.0,58.0,29.0,8.0,3572.0,106.0,11283.0,643.0,247.0,19.0,1605.0,134.0,1377.0,544.0,241.0,1487.0,1524.0,14.0,19.0,155.0,15.0,9.0,16.0,44.0,108.0,210.0,560.0,54.0,1142.0,80.0,17.0,147.0,16.0,18.0,40.0,57.0,12170.0
2025-10-19 16:00:00+00:00,239.0,8.0,243.0,23.0,,46.0,240.0,21.0,505.0,564.0,56.0,45.0,43.0,9.0,,13.0,14.0,31.0,2363.0,3045.0,19.0,2808.0,9.0,21.0,197.0,32.0,9.0,126.0,1857.0,17.0,187.0,2031.0,592.0,200.0,15.0,12.0,70.0,66.0,,48.0,27.0,409.0,10.0,33.0,19.0,12.0,16.0,540.0,42.0,518.0,18.0,15.0,8.0,35.0,45.0,110.0,4028.0,41.0,48.0,1052.0,27.0,190.0,122.0,2170.0,24.0,71.0,2843.0,,1056.0,42.0,217.0,267.0,22.0,354.0,118.0,185.0,58.0,343.0,931.0,262.0,87.0,230.0,25.0,337.0,20.0,127.0,29.0,454.0,71.0,49.0,15.0,12.0,512.0,,205.0,26.0,254.0,3053.0,92.0,10.0,560.0,179.0,35.0,1616.0,17.0,48.0,438.0,241.0,51.0,163.0,13.0,110.0,282.0,120.0,396.0,50.0,15.0,20.0,187.0,37.0,52.0,112.0,1384.0,58.0,98.0,183.0,45.0,1058.0,32.0,9.0,62.0,4222.0,19.0,35.0,898.0,16.0,8.0,15.0,127.0,492.0,50.0,2547.0,59.0,760.0,2491.0,123.0,519.0,136.0,3253.0,8.0,35.0,44.0,37.0,278.0,110.0,236.0,2518.0,98.0,141.0,2000.0,21.0,348.0,10.0,590.0,1677.0,605.0,84.0,61.0,135.0,11.0,153.0,52.0,79.0,8.0,63.0,761.0,314.0,318.0,512.0,227.0,196.0,61.0,14.0,270.0,4667.0,11.0,13.0,54.0,1221.0,493.0,929.0,623.0,1094.0,30.0,116.0,60.0,117.0,46.0,123.0,133.0,320.0,13.0,343.0,1276.0,26.0,16.0,217.0,61.0,10.0,109.0,86.0,13.0,643.0,25.0,25.0,32.0,12.0,140.0,9153.0,147.0,2393.0,106.0,2501.0,71.0,182.0,,439.0,13.0,112.0,41.0,243.0,11.0,27.0,762.0,24.0,,46.0,180.0,31.0,63.0,341.0,158.0,28.0,330.0,54.0,901.0,8.0,69.0,102.0,2477.0,8.0,63.0,39.0,106.0,65.0,555.0,240.0,9.0,215.0,935.0,206.0,74.0,116.0,284.0,2385.0,380.0,100.0,678.0,771.0,36.0,3550.0,95.0,35.0,13.0,1123.0,22.0,1594.0,84.0,58.0,29.0,8.0,3573.0,107.0,11284.0,643.0,247.0,19.0,1605.0,134.0,1479.0,544.0,241.0,1488.0,1704.0,54.0,19.0,155.0,15.0,9.0,16.0,44.0,108.0,210.0,600.0,54.0,1142.0,81.0,17.0,147.0,16.0,18.0,40.0,57.0,12800.0
2025-10-19 17:00:00+00:00,240.0,,243.0,33.0,,46.0,260.0,21.0,505.0,565.0,56.0,45.0,43.0,9.0,,13.0,14.0,31.0,2363.0,3045.0,19.0,2808.0,9.0,21.0,197.0,32.0,9.0,126.0,1857.0,17.0,187.0,2031.0,593.0,200.0,20.0,12.0,70.0,66.0,,48.0,27.0,409.0,10.0,33.0,19.0,12.0,16.0,540.0,42.0,518.0,18.0,15.0,,35.0,45.0,110.0,4073.0,41.0,48.0,1062.0,27.0,190.0,122.0,2328.0,24.0,71.0,2844.0,,1056.0,42.0,217.0,267.0,22.0,354.0,118.0,185.0,58.0,343.0,931.0,262.0,107.0,230.0,25.0,338.0,20.0,127.0,29.0,474.0,71.0,49.0,15.0,12.0,513.0,,205.0,26.0,254.0,3053.0,92.0,10.0,560.0,179.0,35.0,1616.0,17.0,48.0,438.0,241.0,51.0,163.0,13.0,110.0,282.0,120.0,397.0,50.0,15.0,20.0,187.0,37.0,52.0,113.0,1384.0,58.0,98.0,183.0,45.0,1068.0,32.0,9.0,63.0,4224.0,19.0,35.0,898.0,16.0,,15.0,128.0,502.0,50.0,2547.0,59.0,770.0,2501.0,127.0,519.0,136.0,3265.0,,35.0,44.0,37.0,278.0,110.0,236.0,2680.0,98.0,141.0,2000.0,21.0,348.0,10.0,590.0,1689.0,605.0,84.0,61.0,135.0,11.0,153.0,53.0,79.0,,63.0,771.0,585.0,318.0,513.0,227.0,196.0,61.0,14.0,290.0,4668.0,11.0,13.0,54.0,1221.0,494.0,929.0,623.0,1094.0,30.0,116.0,60.0,117.0,46.0,123.0,133.0,320.0,13.0,343.0,1276.0,26.0,16.0,217.0,61.0,10.0,109.0,86.0,13.0,644.0,25.0,25.0,32.0,12.0,140.0,9153.0,147.0,2394.0,106.0,2501.0,76.0,182.0,,449.0,13.0,112.0,41.0,243.0,11.0,27.0,762.0,24.0,15.0,46.0,180.0,31.0,63.0,341.0,158.0,28.0,385.0,54.0,901.0,,69.0,102.0,2484.0,,63.0,39.0,106.0,65.0,555.0,240.0,9.0,215.0,935.0,206.0,75.0,116.0,284.0,2386.0,380.0,100.0,678.0,771.0,36.0,3570.0,95.0,35.0,13.0,1123.0,22.0,1594.0,84.0,58.0,29.0,,3573.0,122.0,11285.0,643.0,247.0,19.0,1605.0,134.0,1480.0,544.0,241.0,1488.0,1704.0,54.0,19.0,155.0,15.0,9.0,16.0,44.0,108.0,210.0,600.0,54.0,1142.0,81.0,17.0,147.0,16.0,18.0,40.0,57.0,12800.0
2025-10-19 18:00:00+00:00,240.0,,243.0,33.0,15.0,46.0,260.0,21.0,505.0,565.0,56.0,45.0,43.0,9.0,,13.0,14.0,31.0,2463.0,3045.0,19.0,2816.0,9.0,21.0,197.0,32.0,9.0,226.0,1857.0,17.0,187.0,2031.0,593.0,200.0,20.0,12.0,70.0,66.0,,48.0,27.0,409.0,10.0,33.0,19.0,12.0,16.0,540.0,42.0,518.0,18.0,15.0,,35.0,45.0,110.0,4073.0,41.0,48.0,1062.0,27.0,190.0,122.0,2344.0,24.0,71.0,2844.0,,1056.0,42.0,217.0,267.0,22.0,354.0,118.0,185.0,58.0,443.0,931.0,262.0,107.0,230.0,25.0,338.0,20.0,127.0,29.0,474.0,73.0,49.0,15.0,12.0,513.0,,205.0,26.0,254.0,3053.0,92.0,10.0,560.0,179.0,35.0,1616.0,17.0,48.0,438.0,241.0,51.0,165.0,13.0,110.0,282.0,120.0,397.0,50.0,15.0,20.0,187.0,37.0,52.0,113.0,1384.0,58.0,98.0,183.0,45.0,1068.0,32.0,9.0,63.0,4244.0,19.0,35.0,898.0,16.0,,15.0,128.0,502.0,50.0,2547.0,59.0,770.0,2501.0,127.0,519.0,136.0,3265.0,,35.0,44.0,37.0,278.0,110.0,336.0,2680.0,98.0,141.0,2000.0,21.0,448.0,10.0,590.0,1689.0,605.0,84.0,61.0,135.0,11.0,153.0,53.0,79.0,,63.0,771.0,585.0,318.0,513.0,227.0,196.0,71.0,14.0,290.0,4668.0,11.0,13.0,54.0,1221.0,494.0,929.0,623.0,1094.0,30.0,116.0,60.0,117.0,46.0,123.0,133.0,320.0,13.0,343.0,1276.0,26.0,16.0,217.0,61.0,10.0,109.0,86.0,13.0,644.0,25.0,25.0,32.0,14.0,140.0,9253.0,147.0,2494.0,106.0,2501.0,76.0,182.0,,449.0,13.0,112.0,41.0,243.0,11.0,27.0,762.0,24.0,15.0,56.0,180.0,31.0,63.0,341.0,158.0,28.0,385.0,54.0,901.0,,69.0,102.0,2484.0,,63.0,39.0,106.0,65.0,555.0,240.0,9.0,215.0,935.0,206.0,75.0,116.0,284.0,2386.0,380.0,100.0,678.0,771.0,36.0,3590.0,95.0,35.0,13.0,1123.0,22.0,1594.0,84.0,58.0,29.0,,3573.0,222.0,11286.0,643.0,247.0,19.0,1605.0,134.0,1480.0,545.0,241.0,1488.0,1704.0,54.0,19.0,155.0,15.0,9.0,16.0,44.0,108.0,210.0,700.0,54.0,1142.0,81.0,17.0,147.0,16.0,24.0,40.0,57.0,12900.0
2025-10-19 19:00:00+00:00,240.0,,243.0,33.0,15.0,46.0,260.0,21.0,505.0,565.0,56.0,45.0,43.0,9.0,,13.0,14.0,31.0,2463.0,3045.0,19.0,2886.0,9.0,21.0,197.0,32.0,9.0,226.0,1857.0,17.0,187.0,2131.0,593.0,200.0,20.0,12.0,70.0,66.0,,48.0,27.0,409.0,10.0,33.0,19.0,12.0,16.0,550.0,42.0,518.0,18.0,15.0,,35.0,45.0,110.0,4073.0,41.0,48.0,1062.0,27.0,190.0,122.0,2344.0,24.0,71.0,2844.0,,1066.0,42.0,217.0,267.0,22.0,354.0,118.0,195.0,58.0,443.0,931.0,262.0,107.0,230.0,25.0,438.0,20.0,127.0,29.0,474.0,73.0,49.0,15.0,22.0,513.0,,205.0,26.0,254.0,3053.0,92.0,10.0,560.0,179.0,35.0,1616.0,17.0,48.0,438.0,241.0,61.0,165.0,13.0,110.0,282.0,120.0,397.0,50.0,15.0,20.0,187.0,37.0,52.0,113.0,1384.0,58.0,98.0,183.0,45.0,1068.0,32.0,9.0,63.0,4244.0,19.0,35.0,898.0,16.0,,15.0,128.0,502.0,50.0,2547.0,59.0,770.0,2501.0,127.0,519.0,136.0,3265.0,,35.0,44.0,42.0,278.0,110.0,336.0,2680.0,98.0,141.0,2000.0,21.0,448.0,10.0,590.0,1800.0,605.0,84.0,66.0,135.0,11.0,153.0,53.0,79.0,,63.0,771.0,585.0,318.0,513.0,227.0,196.0,71.0,14.0,290.0,4668.0,11.0,13.0,54.0,1221.0,494.0,929.0,623.0,1094.0,30.0,116.0,60.0,117.0,46.0,123.0,133.0,320.0,13.0,343.0,1606.0,26.0,16.0,217.0,61.0,10.0,109.0,96.0,13.0,644.0,25.0,25.0,32.0,14.0,140.0,9475.0,147.0,2494.0,106.0,2601.0,76.0,182.0,,449.0,13.0,112.0,41.0,243.0,11.0,27.0,762.0,24.0,15.0,56.0,180.0,31.0,63.0,341.0,158.0,28.0,385.0,54.0,901.0,,69.0,102.0,2484.0,,63.0,39.0,106.0,65.0,555.0,240.0,9.0,215.0,935.0,206.0,75.0,116.0,284.0,2386.0,380.0,100.0,678.0,781.0,46.0,3600.0,95.0,35.0,13.0,1123.0,22.0,1594.0,84.0,58.0,29.0,,3573.0,222.0,11486.0,643.0,247.0,19.0,1605.0,134.0,1481.0,545.0,241.0,1488.0,1704.0,54.0,19.0,155.0,15.0,9.0,16.0,44.0,108.0,210.0,700.0,54.0,1142.0,81.0,17.0,147.0,16.0,32.0,40.0,57.0,12900.0
2025-10-19 20:00:00+00:00,240.0,,243.0,33.0,15.0,46.0,260.0,22.0,505.0,565.0,56.0,45.0,43.0,9.0,,13.0,14.0,31.0,2463.0,3045.0,19.0,2886.0,9.0,21.0,198.0,33.0,9.0,226.0,1857.0,17.0,187.0,2131.0,593.0,200.0,20.0,12.0,70.0,66.0,,48.0,27.0,409.0,10.0,34.0,19.0,12.0,16.0,550.0,42.0,518.0,18.0,15.0,,35.0,45.0,110.0,4073.0,42.0,48.0,1062.0,27.0,191.0,122.0,2344.0,24.0,71.0,2846.0,,1066.0,42.0,217.0,267.0,22.0,492.0,118.0,195.0,58.0,443.0,931.0,262.0,107.0,230.0,25.0,438.0,20.0,127.0,29.0,474.0,73.0,49.0,15.0,22.0,513.0,,205.0,26.0,254.0,3054.0,92.0,10.0,560.0,180.0,35.0,1616.0,17.0,48.0,438.0,241.0,61.0,165.0,13.0,110.0,282.0,120.0,397.0,50.0,15.0,20.0,187.0,37.0,52.0,113.0,1384.0,58.0,98.0,183.0,45.0,1068.0,32.0,9.0,63.0,4244.0,19.0,35.0,898.0,16.0,,15.0,128.0,502.0,50.0,2547.0,59.0,770.0,2501.0,127.0,519.0,136.0,3265.0,,35.0,44.0,42.0,278.0,110.0,336.0,2680.0,98.0,141.0,2000.0,21.0,448.0,10.0,590.0,1800.0,605.0,84.0,66.0,135.0,11.0,153.0,53.0,79.0,,63.0,771.0,585.0,319.0,513.0,227.0,196.0,71.0,14.0,290.0,4668.0,11.0,13.0,54.0,1221.0,494.0,929.0,623.0,1094.0,30.0,116.0,61.0,117.0,46.0,123.0,133.0,320.0,13.0,343.0,1606.0,26.0,16.0,217.0,61.0,10.0,109.0,96.0,13.0,644.0,25.0,25.0,32.0,15.0,140.0,9475.0,147.0,2494.0,106.0,2601.0,76.0,183.0,,449.0,13.0,112.0,41.0,243.0,11.0,27.0,762.0,24.0,15.0,56.0,181.0,31.0,63.0,341.0,158.0,28.0,385.0,54.0,901.0,,69.0,102.0,2484.0,,63.0,39.0,107.0,65.0,555.0,240.0,9.0,215.0,935.0,206.0,75.0,116.0,284.0,2386.0,380.0,100.0,678.0,781.0,46.0,3600.0,95.0,35.0,13.0,1123.0,22.0,1595.0,84.0,58.0,29.0,,3573.0,223.0,11486.0,643.0,247.0,19.0,1605.0,134.0,1481.0,545.0,241.0,1488.0,1704.0,54.0,19.0,155.0,15.0,9.0,16.0,44.0,108.0,210.0,700.0,54.0,1142.0,81.0,17.0,147.0,16.0,32.0,40.0,57.0,13130.0
2025-10-19 21:00:00+00:00,242.0,,243.0,33.0,15.0,46.0,260.0,22.0,505.0,565.0,56.0,45.0,43.0,9.0,,13.0,14.0,31.0,2463.0,3045.0,19.0,2886.0,9.0,22.0,198.0,33.0,9.0,226.0,1857.0,17.0,188.0,2131.0,593.0,200.0,20.0,12.0,70.0,66.0,,49.0,27.0,409.0,10.0,34.0,19.0,12.0,16.0,551.0,42.0,518.0,18.0,15.0,,36.0,45.0,110.0,4073.0,42.0,48.0,1063.0,27.0,191.0,122.0,2344.0,24.0,71.0,2847.0,,1067.0,42.0,217.0,268.0,22.0,492.0,118.0,195.0,58.0,444.0,931.0,262.0,107.0,231.0,25.0,438.0,20.0,127.0,30.0,474.0,73.0,49.0,15.0,22.0,513.0,,205.0,26.0,254.0,3055.0,92.0,10.0,560.0,181.0,35.0,1616.0,17.0,48.0,438.0,241.0,62.0,165.0,13.0,110.0,282.0,120.0,397.0,50.0,15.0,20.0,187.0,37.0,52.0,113.0,1384.0,58.0,99.0,183.0,46.0,1068.0,32.0,9.0,63.0,4244.0,19.0,35.0,898.0,16.0,,15.0,128.0,502.0,50.0,2547.0,59.0,770.0,2502.0,127.0,519.0,136.0,3265.0,,35.0,45.0,42.0,278.0,110.0,336.0,2680.0,98.0,141.0,2001.0,21.0,448.0,10.0,590.0,1800.0,605.0,84.0,66.0,135.0,11.0,153.0,54.0,79.0,,64.0,772.0,585.0,320.0,513.0,227.0,196.0,71.0,14.0,290.0,4668.0,11.0,13.0,55.0,1222.0,494.0,929.0,623.0,1094.0,30.0,117.0,61.0,117.0,46.0,123.0,133.0,320.0,13.0,343.0,1606.0,26.0,16.0,217.0,61.0,10.0,109.0,97.0,13.0,644.0,25.0,25.0,32.0,15.0,140.0,9525.0,147.0,2494.0,106.0,2601.0,76.0,183.0,,449.0,13.0,112.0,41.0,243.0,11.0,27.0,762.0,24.0,15.0,56.0,181.0,31.0,63.0,341.0,158.0,28.0,455.0,54.0,902.0,,69.0,102.0,2485.0,,63.0,39.0,107.0,65.0,556.0,240.0,9.0,215.0,935.0,206.0,75.0,116.0,284.0,2386.0,380.0,100.0,678.0,782.0,46.0,3600.0,95.0,35.0,13.0,1123.0,22.0,1596.0,84.0,59.0,29.0,,3573.0,223.0,11486.0,643.0,247.0,19.0,1605.0,134.0,1481.0,545.0,242.0,1489.0,1704.0,54.0,19.0,155.0,15.0,9.0,16.0,44.0,108.0,210.0,700.0,54.0,1142.0,81.0,17.0,147.0,16.0,32.0,40.0,58.0,13133.0
2025-10-19 22:00:00+00:00,242.0,,243.0,33.0,15.0,47.0,260.0,22.0,505.0,565.0,56.0,45.0,43.0,9.0,,13.0,14.0,31.0,2464.0,3046.0,19.0,2886.0,9.0,22.0,200.0,33.0,9.0,226.0,1857.0,17.0,188.0,2131.0,593.0,200.0,20.0,12.0,70.0,66.0,,49.0,27.0,409.0,10.0,34.0,19.0,12.0,16.0,551.0,42.0,518.0,18.0,15.0,,36.0,45.0,110.0,4074.0,43.0,48.0,1063.0,27.0,191.0,122.0,2344.0,24.0,71.0,2847.0,,1067.0,42.0,218.0,268.0,22.0,493.0,118.0,195.0,58.0,444.0,931.0,262.0,107.0,231.0,25.0,438.0,20.0,127.0,30.0,474.0,73.0,49.0,15.0,22.0,513.0,,205.0,26.0,254.0,3056.0,92.0,10.0,560.0,181.0,35.0,1616.0,17.0,48.0,438.0,241.0,62.0,165.0,13.0,110.0,282.0,120.0,397.0,50.0,15.0,20.0,187.0,37.0,52.0,113.0,1384.0,58.0,99.0,183.0,46.0,1068.0,32.0,9.0,63.0,4244.0,19.0,35.0,899.0,16.0,,15.0,128.0,502.0,50.0,2547.0,59.0,770.0,2502.0,127.0,519.0,136.0,3265.0,,35.0,45.0,42.0,278.0,110.0,336.0,2680.0,98.0,141.0,2161.0,21.0,448.0,10.0,590.0,1801.0,605.0,84.0,66.0,135.0,11.0,153.0,54.0,79.0,,64.0,772.0,585.0,320.0,513.0,228.0,196.0,71.0,14.0,290.0,4668.0,11.0,13.0,55.0,1232.0,494.0,929.0,623.0,1094.0,30.0,117.0,61.0,117.0,46.0,123.0,133.0,320.0,13.0,343.0,1606.0,26.0,16.0,217.0,61.0,10.0,109.0,97.0,13.0,644.0,25.0,25.0,32.0,15.0,140.0,9575.0,147.0,2496.0,106.0,2602.0,76.0,183.0,,449.0,13.0,112.0,41.0,243.0,11.0,27.0,762.0,24.0,15.0,56.0,181.0,31.0,63.0,341.0,158.0,28.0,455.0,54.0,902.0,,69.0,102.0,2485.0,,63.0,39.0,107.0,65.0,556.0,240.0,9.0,215.0,935.0,206.0,75.0,116.0,284.0,2386.0,381.0,100.0,679.0,782.0,46.0,3601.0,95.0,35.0,13.0,1123.0,22.0,1596.0,84.0,59.0,29.0,,3574.0,223.0,11487.0,643.0,247.0,19.0,1605.0,134.0,1481.0,545.0,242.0,1489.0,1704.0,54.0,19.0,155.0,15.0,9.0,16.0,44.0,108.0,210.0,700.0,54.0,1142.0,81.0,17.0,147.0,16.0,32.0,40.0,58.0,13134.0
2025-10-19 23:00:00+00:00,242.0,,243.0,33.0,15.0,47.0,260.0,22.0,505.0,565.0,58.0,45.0,43.0,9.0,,13.0,14.0,31.0,2544.0,3069.0,19.0,2886.0,9.0,22.0,200.0,33.0,9.0,226.0,1857.0,17.0,188.0,2131.0,593.0,200.0,20.0,12.0,70.0,66.0,,49.0,27.0,449.0,10.0,34.0,19.0,12.0,16.0,551.0,42.0,519.0,18.0,15.0,,36.0,45.0,110.0,4074.0,43.0,48.0,1063.0,27.0,191.0,122.0,2464.0,24.0,71.0,2847.0,,1067.0,42.0,218.0,268.0,22.0,503.0,123.0,195.0,58.0,444.0,932.0,262.0,107.0,231.0,25.0,438.0,20.0,127.0,30.0,474.0,73.0,49.0,15.0,22.0,513.0,,205.0,26.0,254.0,3056.0,92.0,10.0,560.0,181.0,35.0,1616.0,17.0,48.0,438.0,241.0,62.0,165.0,13.0,110.0,282.0,130.0,397.0,50.0,15.0,20.0,187.0,37.0,52.0,113.0,1409.0,58.0,99.0,183.0,46.0,1073.0,32.0,9.0,63.0,4284.0,19.0,35.0,939.0,16.0,,15.0,128.0,502.0,50.0,2547.0,59.0,780.0,2512.0,127.0,519.0,136.0,3325.0,,35.0,45.0,42.0,278.0,110.0,336.0,2680.0,98.0,141.0,2171.0,21.0,448.0,10.0,590.0,1807.0,605.0,84.0,66.0,135.0,11.0,153.0,54.0,79.0,,64.0,772.0,586.0,320.0,513.0,228.0,196.0,71.0,14.0,290.0,4668.0,11.0,13.0,55.0,1232.0,494.0,929.0,623.0,1094.0,30.0,117.0,61.0,117.0,46.0,123.0,133.0,320.0,13.0,343.0,1606.0,26.0,16.0,217.0,61.0,10.0,109.0,97.0,13.0,644.0,25.0,25.0,32.0,15.0,140.0,9974.0,147.0,2496.0,106.0,2602.0,76.0,183.0,,449.0,13.0,112.0,41.0,243.0,11.0,27.0,762.0,24.0,15.0,56.0,181.0,31.0,63.0,341.0,158.0,28.0,460.0,54.0,902.0,,69.0,102.0,2485.0,,63.0,39.0,107.0,65.0,556.0,240.0,9.0,215.0,936.0,206.0,75.0,116.0,284.0,2406.0,381.0,100.0,699.0,782.0,46.0,3601.0,95.0,35.0,13.0,1123.0,22.0,1596.0,84.0,59.0,29.0,,3574.0,223.0,13487.0,723.0,247.0,19.0,1605.0,134.0,1481.0,615.0,242.0,1489.0,1704.0,54.0,19.0,155.0,15.0,9.0,16.0,44.0,108.0,210.0,700.0,54.0,1143.0,81.0,17.0,147.0,16.0,32.0,40.0,58.0,13134.0
2025-10-20 00:00:00+00:00,242.0,,243.0,33.0,15.0,47.0,260.0,22.0,505.0,565.0,58.0,45.0,43.0,9.0,,13.0,14.0,31.0,2544.0,3069.0,19.0,2886.0,9.0,22.0,200.0,33.0,9.0,226.0,1897.0,17.0,188.0,2131.0,593.0,200.0,20.0,12.0,70.0,66.0,,49.0,27.0,459.0,10.0,34.0,19.0,12.0,16.0,551.0,42.0,519.0,28.0,15.0,,36.0,45.0,110.0,4074.0,43.0,48.0,1063.0,27.0,201.0,122.0,2464.0,24.0,71.0,2847.0,,1067.0,42.0,218.0,268.0,22.0,503.0,123.0,195.0,58.0,464.0,932.0,262.0,107.0,231.0,25.0,438.0,20.0,127.0,30.0,474.0,73.0,49.0,15.0,22.0,513.0,12.0,205.0,26.0,254.0,3056.0,92.0,10.0,560.0,181.0,35.0,1616.0,17.0,48.0,438.0,241.0,62.0,165.0,13.0,110.0,282.0,130.0,397.0,50.0,15.0,20.0,187.0,37.0,52.0,113.0,1409.0,58.0,99.0,183.0,46.0,1073.0,32.0,9.0,63.0,4284.0,19.0,35.0,939.0,16.0,,15.0,128.0,502.0,50.0,2677.0,59.0,780.0,2512.0,127.0,519.0,136.0,3580.0,,35.0,45.0,42.0,278.0,110.0,336.0,2680.0,98.0,141.0,2201.0,21.0,448.0,10.0,590.0,1807.0,605.0,84.0,66.0,135.0,11.0,153.0,54.0,79.0,,64.0,861.0,586.0,320.0,513.0,228.0,196.0,71.0,14.0,290.0,4668.0,11.0,13.0,55.0,1232.0,494.0,929.0,623.0,1094.0,30.0,117.0,61.0,117.0,46.0,123.0,134.0,320.0,13.0,343.0,1606.0,26.0,16.0,217.0,61.0,10.0,109.0,97.0,13.0,644.0,25.0,25.0,32.0,15.0,140.0,9974.0,147.0,2506.0,106.0,2602.0,86.0,183.0,,449.0,13.0,112.0,41.0,243.0,11.0,27.0,762.0,24.0,15.0,56.0,181.0,31.0,63.0,341.0,158.0,28.0,460.0,54.0,902.0,,69.0,102.0,2525.0,,63.0,39.0,107.0,65.0,556.0,240.0,9.0,215.0,936.0,206.0,75.0,116.0,284.0,2406.0,381.0,100.0,699.0,782.0,46.0,3601.0,95.0,35.0,13.0,1123.0,22.0,1597.0,84.0,59.0,29.0,,3594.0,223.0,13487.0,723.0,247.0,19.0,1605.0,134.0,1481.0,615.0,242.0,1489.0,1704.0,54.0,19.0,155.0,15.0,9.0,16.0,44.0,108.0,210.0,700.0,54.0,1143.0,81.0,17.0,147.0,16.0,32.0,40.0,58.0,13205.0
2025-10-20 01:00:00+00:00,242.0,,243.0,33.0,15.0,47.0,260.0,22.0,505.0,565.0,58.0,45.0,43.0,9.0,,13.0,14.0,31.0,2544.0,3269.0,19.0,2886.0,9.0,22.0,200.0,33.0,9.0,226.0,1897.0,17.0,188.0,2131.0,593.0,200.0,20.0,12.0,70.0,66.0,,49.0,27.0,459.0,10.0,34.0,19.0,12.0,16.0,551.0,42.0,519.0,28.0,15.0,,36.0,45.0,110.0,4774.0,43.0,48.0,1063.0,27.0,201.0,122.0,2464.0,24.0,71.0,2847.0,,1067.0,42.0,218.0,268.0,22.0,503.0,123.0,195.0,58.0,464.0,1132.0,262.0,107.0,231.0,25.0,438.0,20.0,127.0,30.0,474.0,73.0,49.0,15.0,22.0,513.0,12.0,205.0,26.0,254.0,3057.0,92.0,10.0,560.0,181.0,35.0,1616.0,17.0,48.0,438.0,241.0,62.0,165.0,13.0,110.0,282.0,130.0,397.0,50.0,15.0,20.0,187.0,37.0,52.0,123.0,1409.0,58.0,99.0,183.0,46.0,1073.0,32.0,9.0,63.0,4284.0,19.0,35.0,939.0,16.0,,15.0,128.0,502.0,50.0,2677.0,59.0,780.0,2512.0,127.0,519.0,136.0,3580.0,,35.0,45.0,42.0,278.0,110.0,336.0,2680.0,98.0,141.0,2201.0,21.0,448.0,10.0,590.0,1807.0,605.0,84.0,66.0,135.0,11.0,153.0,54.0,79.0,,64.0,861.0,586.0,320.0,513.0,228.0,196.0,71.0,14.0,290.0,4668.0,11.0,13.0,55.0,1232.0,494.0,929.0,623.0,1094.0,30.0,117.0,61.0,117.0,46.0,123.0,134.0,320.0,13.0,343.0,1606.0,26.0,16.0,217.0,61.0,10.0,109.0,97.0,13.0,644.0,25.0,25.0,32.0,15.0,140.0,9994.0,147.0,3196.0,106.0,2602.0,86.0,183.0,,449.0,13.0,112.0,41.0,243.0,11.0,27.0,762.0,24.0,15.0,56.0,181.0,31.0,63.0,341.0,158.0,28.0,660.0,54.0,902.0,,69.0,102.0,2525.0,,63.0,39.0,107.0,65.0,556.0,240.0,9.0,215.0,936.0,206.0,75.0,116.0,284.0,2406.0,381.0,100.0,699.0,782.0,46.0,3601.0,95.0,35.0,13.0,1124.0,22.0,1597.0,84.0,59.0,29.0,,3794.0,223.0,13488.0,723.0,247.0,19.0,1605.0,134.0,1481.0,615.0,242.0,1489.0,1704.0,54.0,19.0,155.0,15.0,9.0,16.0,44.0,108.0,210.0,700.0,54.0,1143.0,81.0,17.0,147.0,16.0,32.0,40.0,58.0,13716.0
2025-10-20 02:00:00+00:00,242.0,,243.0,33.0,15.0,47.0,260.0,22.0,505.0,565.0,58.0,45.0,43.0,9.0,,13.0,14.0,31.0,2544.0,3269.0,19.0,2886.0,19.0,22.0,200.0,33.0,9.0,226.0,1897.0,17.0,188.0,2131.0,593.0,200.0,20.0,12.0,70.0,66.0,,49.0,27.0,459.0,10.0,34.0,19.0,12.0,16.0,551.0,42.0,519.0,28.0,15.0,,36.0,45.0,110.0,4774.0,43.0,48.0,1063.0,27.0,201.0,122.0,2464.0,24.0,71.0,2847.0,,1067.0,42.0,218.0,268.0,22.0,503.0,123.0,195.0,58.0,464.0,1132.0,262.0,107.0,231.0,25.0,438.0,20.0,127.0,30.0,474.0,73.0,49.0,15.0,22.0,513.0,12.0,205.0,26.0,254.0,3057.0,92.0,10.0,560.0,181.0,35.0,1616.0,17.0,48.0,438.0,251.0,62.0,165.0,13.0,110.0,282.0,130.0,397.0,50.0,15.0,20.0,187.0,37.0,62.0,123.0,1409.0,58.0,99.0,183.0,46.0,1073.0,32.0,9.0,63.0,4284.0,19.0,35.0,939.0,16.0,,15.0,128.0,502.0,50.0,2678.0,59.0,780.0,2512.0,127.0,519.0,136.0,3580.0,,35.0,45.0,42.0,278.0,110.0,336.0,2680.0,98.0,141.0,2201.0,21.0,448.0,10.0,590.0,1807.0,605.0,84.0,66.0,135.0,11.0,153.0,54.0,79.0,,64.0,861.0,586.0,322.0,513.0,228.0,196.0,71.0,14.0,290.0,4668.0,11.0,13.0,55.0,1232.0,494.0,929.0,623.0,1094.0,30.0,117.0,61.0,117.0,46.0,123.0,134.0,320.0,13.0,343.0,1606.0,26.0,16.0,217.0,61.0,10.0,109.0,97.0,13.0,644.0,25.0,25.0,32.0,15.0,140.0,9996.0,147.0,3196.0,106.0,2602.0,86.0,183.0,,449.0,13.0,112.0,41.0,243.0,11.0,27.0,762.0,24.0,15.0,56.0,181.0,31.0,63.0,341.0,158.0,28.0,660.0,54.0,902.0,,69.0,102.0,2525.0,,63.0,39.0,107.0,65.0,556.0,240.0,9.0,215.0,936.0,206.0,75.0,116.0,284.0,2406.0,381.0,100.0,699.0,782.0,46.0,3601.0,95.0,35.0,13.0,1124.0,22.0,1597.0,84.0,59.0,29.0,,3794.0,226.0,13492.0,723.0,247.0,19.0,1605.0,134.0,1481.0,655.0,242.0,1489.0,1704.0,54.0,19.0,155.0,15.0,9.0,16.0,44.0,108.0,210.0,701.0,55.0,1423.0,82.0,17.0,147.0,16.0,32.0,40.0,58.0,13722.0
2025-10-20 03:00:00+00:00,242.0,,243.0,33.0,15.0,47.0,260.0,22.0,505.0,565.0,58.0,45.0,43.0,9.0,,13.0,14.0,31.0,2544.0,3269.0,19.0,2886.0,19.0,22.0,200.0,33.0,9.0,226.0,1897.0,17.0,188.0,2138.0,593.0,200.0,20.0,12.0,70.0,66.0,,49.0,27.0,459.0,10.0,34.0,19.0,12.0,16.0,551.0,42.0,519.0,28.0,15.0,,36.0,45.0,110.0,4774.0,43.0,48.0,1063.0,27.0,201.0,122.0,2464.0,24.0,71.0,2847.0,,1067.0,42.0,218.0,268.0,22.0,503.0,123.0,195.0,58.0,464.0,1132.0,262.0,107.0,231.0,25.0,438.0,20.0,127.0,30.0,474.0,73.0,49.0,15.0,22.0,523.0,12.0,215.0,26.0,254.0,3057.0,92.0,10.0,560.0,181.0,35.0,1616.0,17.0,48.0,438.0,251.0,62.0,165.0,13.0,110.0,282.0,130.0,397.0,50.0,15.0,20.0,187.0,37.0,62.0,123.0,1409.0,58.0,99.0,183.0,46.0,1073.0,32.0,9.0,63.0,4285.0,19.0,35.0,939.0,16.0,,15.0,128.0,502.0,50.0,2678.0,59.0,780.0,2512.0,127.0,519.0,136.0,3580.0,,35.0,45.0,42.0,278.0,110.0,336.0,2680.0,98.0,141.0,2201.0,21.0,448.0,10.0,590.0,1807.0,605.0,84.0,66.0,135.0,11.0,153.0,54.0,79.0,,64.0,861.0,586.0,322.0,513.0,228.0,196.0,71.0,14.0,290.0,4668.0,11.0,13.0,55.0,1232.0,494.0,929.0,623.0,1094.0,30.0,117.0,61.0,117.0,46.0,123.0,134.0,320.0,13.0,343.0,1606.0,26.0,16.0,217.0,61.0,10.0,109.0,97.0,13.0,644.0,25.0,25.0,32.0,15.0,140.0,10016.0,147.0,3216.0,106.0,2602.0,86.0,183.0,,449.0,13.0,112.0,41.0,243.0,11.0,27.0,762.0,24.0,15.0,56.0,181.0,31.0,63.0,341.0,158.0,28.0,660.0,54.0,902.0,,69.0,102.0,2525.0,,63.0,39.0,107.0,65.0,556.0,240.0,9.0,215.0,936.0,206.0,75.0,116.0,284.0,2406.0,381.0,100.0,699.0,782.0,46.0,3601.0,95.0,35.0,13.0,1124.0,22.0,1597.0,84.0,59.0,29.0,9.0,3794.0,226.0,13492.0,723.0,247.0,19.0,1605.0,134.0,1481.0,655.0,242.0,1489.0,1704.0,54.0,19.0,155.0,15.0,9.0,16.0,44.0,108.0,210.0,701.0,55.0,1423.0,82.0,17.0,147.0,16.0,32.0,40.0,58.0,13722.0
2025-10-20 04:00:00+00:00,242.0,,253.0,33.0,15.0,47.0,260.0,22.0,505.0,565.0,58.0,45.0,43.0,9.0,,13.0,14.0,31.0,2544.0,3269.0,19.0,2886.0,19.0,22.0,200.0,33.0,9.0,226.0,1897.0,17.0,188.0,2140.0,593.0,200.0,20.0,12.0,70.0,66.0,,49.0,27.0,459.0,10.0,34.0,19.0,12.0,16.0,551.0,42.0,519.0,28.0,15.0,,36.0,45.0,110.0,4774.0,43.0,48.0,1063.0,27.0,201.0,122.0,2464.0,24.0,71.0,2847.0,,1067.0,42.0,218.0,268.0,22.0,503.0,123.0,195.0,58.0,464.0,1132.0,262.0,107.0,312.0,25.0,438.0,20.0,127.0,30.0,474.0,73.0,49.0,15.0,22.0,523.0,12.0,215.0,26.0,254.0,3057.0,92.0,10.0,560.0,181.0,35.0,1616.0,17.0,48.0,438.0,251.0,62.0,165.0,13.0,110.0,282.0,130.0,397.0,50.0,15.0,20.0,187.0,37.0,62.0,124.0,1409.0,58.0,99.0,183.0,46.0,1073.0,32.0,9.0,63.0,4285.0,19.0,35.0,949.0,16.0,,15.0,128.0,502.0,50.0,2678.0,59.0,780.0,2512.0,127.0,519.0,136.0,3580.0,,35.0,45.0,42.0,278.0,110.0,336.0,2680.0,98.0,141.0,2201.0,21.0,448.0,10.0,590.0,1807.0,605.0,84.0,66.0,135.0,11.0,153.0,54.0,79.0,,64.0,861.0,606.0,322.0,513.0,228.0,196.0,71.0,14.0,290.0,4688.0,11.0,13.0,55.0,1232.0,494.0,929.0,623.0,1094.0,30.0,117.0,61.0,117.0,46.0,123.0,134.0,320.0,13.0,343.0,1606.0,26.0,16.0,217.0,61.0,10.0,109.0,97.0,13.0,644.0,25.0,25.0,32.0,15.0,140.0,10016.0,147.0,3216.0,106.0,2602.0,86.0,183.0,,449.0,13.0,112.0,41.0,243.0,11.0,27.0,762.0,24.0,15.0,56.0,181.0,31.0,63.0,341.0,158.0,28.0,660.0,54.0,902.0,,69.0,102.0,2525.0,,63.0,39.0,117.0,65.0,556.0,240.0,9.0,215.0,936.0,206.0,75.0,116.0,284.0,2406.0,381.0,100.0,699.0,782.0,46.0,3601.0,95.0,35.0,13.0,1124.0,22.0,1597.0,84.0,59.0,29.0,9.0,3794.0,226.0,13502.0,723.0,247.0,19.0,1605.0,134.0,1481.0,655.0,242.0,1489.0,1705.0,54.0,19.0,155.0,15.0,9.0,16.0,44.0,108.0,210.0,701.0,55.0,1423.0,82.0,17.0,147.0,16.0,32.0,40.0,58.0,13722.0
2025-10-20 05:00:00+00:00,242.0,,254.0,38.0,15.0,48.0,260.0,27.0,505.0,565.0,58.0,45.0,43.0,9.0,,13.0,14.0,31.0,2584.0,3269.0,20.0,2897.0,19.0,22.0,200.0,33.0,9.0,228.0,1917.0,17.0,188.0,2140.0,593.0,200.0,20.0,12.0,70.0,66.0,,49.0,27.0,459.0,10.0,34.0,19.0,12.0,21.0,571.0,42.0,519.0,28.0,15.0,,36.0,45.0,110.0,4775.0,43.0,49.0,1064.0,27.0,201.0,127.0,2504.0,24.0,71.0,2848.0,,1089.0,42.0,218.0,268.0,23.0,509.0,123.0,195.0,58.0,464.0,1152.0,262.0,107.0,312.0,26.0,443.0,20.0,128.0,30.0,494.0,74.0,49.0,15.0,22.0,524.0,12.0,235.0,27.0,334.0,3108.0,92.0,10.0,560.0,181.0,35.0,1616.0,17.0,48.0,438.0,251.0,62.0,185.0,13.0,111.0,282.0,131.0,423.0,50.0,15.0,20.0,187.0,37.0,62.0,124.0,1409.0,58.0,99.0,183.0,46.0,1073.0,32.0,9.0,63.0,4286.0,19.0,35.0,950.0,16.0,,15.0,128.0,502.0,50.0,2678.0,59.0,780.0,2532.0,127.0,519.0,136.0,3580.0,,35.0,45.0,42.0,278.0,111.0,356.0,2685.0,98.0,141.0,2221.0,21.0,468.0,10.0,590.0,1827.0,605.0,84.0,66.0,135.0,11.0,183.0,54.0,79.0,,64.0,862.0,607.0,323.0,513.0,228.0,196.0,71.0,14.0,290.0,4689.0,11.0,13.0,55.0,1233.0,595.0,929.0,623.0,1094.0,30.0,117.0,62.0,117.0,47.0,123.0,134.0,320.0,13.0,343.0,1606.0,26.0,16.0,217.0,61.0,10.0,109.0,97.0,13.0,645.0,26.0,25.0,32.0,15.0,140.0,10018.0,147.0,3217.0,106.0,2607.0,86.0,184.0,,449.0,13.0,112.0,41.0,243.0,11.0,27.0,762.0,24.0,15.0,56.0,181.0,31.0,63.0,366.0,158.0,28.0,661.0,54.0,902.0,,69.0,102.0,2526.0,,63.0,39.0,117.0,65.0,576.0,240.0,10.0,215.0,956.0,206.0,75.0,117.0,339.0,2406.0,381.0,100.0,704.0,782.0,46.0,3875.0,115.0,36.0,13.0,1124.0,22.0,1597.0,84.0,59.0,29.0,9.0,3794.0,247.0,13601.0,723.0,247.0,19.0,1606.0,134.0,1481.0,655.0,242.0,1489.0,1706.0,54.0,19.0,155.0,15.0,9.0,16.0,44.0,109.0,210.0,701.0,56.0,1428.0,93.0,17.0,167.0,16.0,32.0,40.0,58.0,13728.0
2025-10-20 06:00:00+00:00,247.0,,254.0,108.0,20.0,48.0,260.0,31.0,505.0,565.0,58.0,45.0,43.0,9.0,,13.0,114.0,31.0,2592.0,3269.0,20.0,2897.0,19.0,22.0,200.0,33.0,9.0,228.0,1917.0,17.0,188.0,2140.0,593.0,200.0,20.0,12.0,70.0,66.0,,49.0,27.0,459.0,10.0,34.0,19.0,12.0,21.0,571.0,42.0,519.0,28.0,15.0,,36.0,45.0,110.0,4775.0,43.0,49.0,1066.0,27.0,211.0,129.0,2514.0,24.0,71.0,2853.0,10.0,1089.0,42.0,262.0,273.0,23.0,514.0,123.0,195.0,62.0,464.0,1152.0,262.0,107.0,312.0,26.0,443.0,20.0,128.0,30.0,494.0,74.0,49.0,15.0,22.0,524.0,12.0,235.0,27.0,334.0,3117.0,97.0,10.0,570.0,181.0,35.0,1626.0,17.0,48.0,438.0,251.0,62.0,185.0,13.0,111.0,322.0,131.0,433.0,50.0,15.0,20.0,187.0,37.0,62.0,134.0,1409.0,58.0,104.0,183.0,46.0,1073.0,36.0,9.0,68.0,4320.0,19.0,35.0,950.0,16.0,,15.0,128.0,502.0,50.0,2678.0,59.0,784.0,2532.0,127.0,519.0,136.0,3590.0,,35.0,45.0,42.0,278.0,111.0,356.0,2755.0,98.0,141.0,2221.0,21.0,468.0,10.0,590.0,1837.0,605.0,86.0,66.0,135.0,11.0,183.0,54.0,81.0,,64.0,866.0,607.0,328.0,513.0,228.0,201.0,71.0,14.0,290.0,4689.0,11.0,13.0,55.0,1243.0,595.0,937.0,623.0,1102.0,30.0,117.0,62.0,117.0,49.0,123.0,139.0,320.0,13.0,343.0,1606.0,31.0,16.0,217.0,61.0,10.0,109.0,97.0,13.0,685.0,26.0,25.0,32.0,15.0,140.0,10218.0,147.0,3217.0,106.0,2607.0,86.0,184.0,,449.0,13.0,112.0,41.0,243.0,11.0,27.0,762.0,24.0,15.0,56.0,181.0,31.0,63.0,366.0,158.0,28.0,661.0,54.0,902.0,,69.0,102.0,2526.0,,63.0,39.0,117.0,66.0,576.0,240.0,10.0,215.0,956.0,211.0,75.0,117.0,339.0,2414.0,476.0,100.0,714.0,782.0,46.0,3925.0,115.0,36.0,13.0,1124.0,22.0,1602.0,92.0,64.0,33.0,9.0,3794.0,247.0,13601.0,723.0,247.0,19.0,1606.0,134.0,1481.0,655.0,242.0,1489.0,1706.0,54.0,19.0,155.0,15.0,9.0,21.0,44.0,109.0,210.0,701.0,56.0,1442.0,93.0,17.0,167.0,16.0,32.0,40.0,58.0,13733.0
2025-10-20 07:00:00+00:00,247.0,,254.0,108.0,20.0,48.0,260.0,31.0,505.0,575.0,58.0,45.0,43.0,9.0,,13.0,114.0,31.0,2592.0,3509.0,20.0,2897.0,19.0,22.0,200.0,33.0,9.0,228.0,1927.0,17.0,188.0,2140.0,593.0,715.0,20.0,12.0,70.0,66.0,,49.0,27.0,459.0,10.0,34.0,19.0,12.0,21.0,571.0,42.0,519.0,28.0,15.0,,36.0,45.0,110.0,4805.0,43.0,49.0,1066.0,27.0,211.0,129.0,3434.0,24.0,71.0,2854.0,10.0,1098.0,42.0,262.0,274.0,23.0,514.0,123.0,195.0,62.0,464.0,1152.0,282.0,107.0,312.0,26.0,444.0,20.0,128.0,30.0,494.0,75.0,49.0,15.0,22.0,524.0,12.0,235.0,27.0,334.0,3117.0,97.0,11.0,570.0,181.0,35.0,1626.0,17.0,48.0,438.0,251.0,62.0,185.0,13.0,111.0,323.0,131.0,434.0,50.0,15.0,20.0,187.0,37.0,62.0,134.0,1409.0,58.0,104.0,183.0,46.0,1073.0,36.0,9.0,68.0,4410.0,19.0,35.0,950.0,16.0,,15.0,138.0,502.0,50.0,2678.0,59.0,784.0,2532.0,127.0,519.0,136.0,3590.0,,35.0,45.0,42.0,278.0,111.0,356.0,2851.0,98.0,141.0,2221.0,21.0,468.0,10.0,590.0,1837.0,605.0,86.0,66.0,135.0,11.0,183.0,54.0,81.0,,64.0,866.0,607.0,329.0,513.0,228.0,201.0,71.0,14.0,290.0,4690.0,11.0,13.0,55.0,1243.0,595.0,937.0,623.0,1132.0,30.0,117.0,62.0,117.0,49.0,123.0,139.0,320.0,13.0,343.0,1606.0,31.0,16.0,217.0,61.0,10.0,109.0,97.0,13.0,686.0,26.0,25.0,32.0,15.0,140.0,10223.0,157.0,3217.0,106.0,2607.0,87.0,184.0,,459.0,13.0,112.0,41.0,243.0,11.0,27.0,762.0,24.0,15.0,56.0,181.0,31.0,63.0,366.0,158.0,28.0,661.0,54.0,902.0,,69.0,102.0,2526.0,,63.0,39.0,127.0,66.0,576.0,250.0,10.0,216.0,956.0,211.0,85.0,117.0,339.0,2454.0,476.0,100.0,714.0,782.0,46.0,3930.0,115.0,36.0,13.0,1128.0,22.0,1602.0,92.0,64.0,33.0,9.0,3794.0,247.0,13603.0,733.0,247.0,19.0,1606.0,134.0,1481.0,655.0,242.0,1489.0,1706.0,64.0,19.0,155.0,15.0,9.0,21.0,44.0,109.0,210.0,701.0,56.0,1442.0,93.0,17.0,167.0,16.0,32.0,40.0,58.0,13733.0
2025-10-20 08:00:00+00:00,247.0,,254.0,108.0,20.0,49.0,260.0,31.0,505.0,575.0,58.0,45.0,43.0,,16.0,13.0,114.0,31.0,2593.0,3509.0,20.0,2899.0,19.0,22.0,201.0,33.0,,229.0,1928.0,17.0,188.0,2140.0,594.0,715.0,20.0,12.0,70.0,66.0,,49.0,28.0,489.0,10.0,34.0,19.0,15.0,21.0,571.0,42.0,519.0,28.0,15.0,,37.0,45.0,110.0,4805.0,43.0,49.0,1066.0,27.0,296.0,1083.0,3634.0,24.0,71.0,2864.0,10.0,1098.0,42.0,262.0,274.0,23.0,515.0,123.0,195.0,62.0,464.0,1269.0,282.0,107.0,313.0,26.0,444.0,20.0,128.0,30.0,494.0,75.0,49.0,15.0,22.0,525.0,12.0,235.0,27.0,334.0,3117.0,97.0,11.0,570.0,181.0,35.0,1626.0,17.0,48.0,438.0,251.0,62.0,185.0,13.0,112.0,323.0,131.0,434.0,50.0,15.0,20.0,187.0,37.0,62.0,194.0,1409.0,58.0,111.0,183.0,46.0,1073.0,37.0,,68.0,4411.0,19.0,35.0,955.0,16.0,,15.0,138.0,502.0,50.0,2679.0,59.0,961.0,2543.0,127.0,519.0,136.0,3610.0,,35.0,45.0,42.0,278.0,111.0,357.0,2851.0,98.0,154.0,2222.0,21.0,469.0,10.0,591.0,1837.0,605.0,87.0,66.0,135.0,11.0,183.0,55.0,81.0,,64.0,868.0,607.0,339.0,513.0,228.0,201.0,71.0,14.0,292.0,4796.0,11.0,13.0,55.0,1244.0,600.0,937.0,623.0,1132.0,30.0,117.0,62.0,117.0,49.0,123.0,139.0,320.0,13.0,344.0,1606.0,31.0,16.0,217.0,61.0,10.0,109.0,97.0,13.0,686.0,27.0,25.0,32.0,15.0,140.0,10229.0,157.0,3220.0,106.0,2607.0,87.0,184.0,,459.0,13.0,112.0,41.0,243.0,11.0,27.0,762.0,24.0,15.0,56.0,181.0,31.0,63.0,366.0,159.0,28.0,661.0,54.0,902.0,,69.0,102.0,2726.0,,63.0,39.0,128.0,66.0,576.0,250.0,10.0,216.0,976.0,211.0,85.0,130.0,339.0,2455.0,476.0,100.0,854.0,782.0,46.0,3932.0,115.0,36.0,13.0,1128.0,22.0,1697.0,92.0,64.0,34.0,,3795.0,247.0,13604.0,763.0,247.0,21.0,1606.0,134.0,1481.0,655.0,243.0,1489.0,1707.0,64.0,19.0,155.0,15.0,10.0,21.0,44.0,109.0,210.0,702.0,57.0,1445.0,93.0,17.0,167.0,16.0,32.0,40.0,58.0,13773.0
2025-10-20 09:00:00+00:00,247.0,,264.0,118.0,20.0,49.0,260.0,31.0,505.0,575.0,58.0,45.0,43.0,,16.0,13.0,114.0,31.0,2603.0,3519.0,20.0,2899.0,19.0,32.0,201.0,33.0,,239.0,1933.0,17.0,188.0,2140.0,604.0,715.0,20.0,12.0,70.0,66.0,,49.0,28.0,489.0,10.0,34.0,19.0,15.0,21.0,581.0,42.0,519.0,28.0,15.0,,37.0,45.0,110.0,4805.0,43.0,49.0,1066.0,27.0,296.0,1093.0,3634.0,24.0,71.0,2874.0,10.0,1108.0,42.0,272.0,274.0,23.0,525.0,123.0,195.0,62.0,464.0,1269.0,282.0,107.0,313.0,26.0,444.0,20.0,128.0,30.0,494.0,75.0,49.0,15.0,22.0,535.0,12.0,235.0,27.0,334.0,3117.0,97.0,11.0,570.0,181.0,35.0,1626.0,17.0,48.0,438.0,251.0,62.0,185.0,13.0,112.0,323.0,131.0,434.0,50.0,15.0,20.0,187.0,37.0,62.0,204.0,1409.0,58.0,111.0,183.0,46.0,1083.0,37.0,,68.0,4421.0,19.0,35.0,965.0,16.0,,15.0,138.0,502.0,50.0,2679.0,59.0,971.0,2553.0,127.0,519.0,136.0,3610.0,,35.0,45.0,42.0,278.0,111.0,367.0,2861.0,98.0,164.0,2222.0,21.0,479.0,10.0,591.0,1847.0,609.0,87.0,66.0,135.0,11.0,183.0,65.0,81.0,,64.0,878.0,607.0,339.0,513.0,238.0,201.0,71.0,14.0,292.0,4796.0,11.0,13.0,55.0,1244.0,600.0,947.0,623.0,1142.0,30.0,117.0,62.0,117.0,49.0,123.0,139.0,320.0,13.0,344.0,1616.0,31.0,16.0,217.0,61.0,10.0,109.0,97.0,13.0,686.0,27.0,25.0,32.0,15.0,140.0,10243.0,157.0,3220.0,106.0,2617.0,87.0,184.0,,459.0,13.0,112.0,41.0,243.0,11.0,27.0,762.0,24.0,15.0,56.0,181.0,31.0,73.0,366.0,159.0,28.0,661.0,54.0,902.0,,69.0,102.0,2736.0,,63.0,39.0,128.0,66.0,576.0,250.0,10.0,216.0,976.0,211.0,85.0,140.0,339.0,2525.0,486.0,100.0,864.0,782.0,46.0,3932.0,125.0,36.0,13.0,1128.0,22.0,1697.0,92.0,64.0,34.0,,3795.0,247.0,13632.0,773.0,247.0,21.0,1606.0,134.0,1491.0,655.0,243.0,1489.0,1717.0,64.0,19.0,155.0,15.0,10.0,21.0,44.0,109.0,210.0,702.0,57.0,1445.0,93.0,17.0,167.0,16.0,32.0,40.0,58.0,13779.0
2025-10-20 10:00:00+00:00,247.0,,264.0,118.0,20.0,49.0,260.0,31.0,505.0,575.0,58.0,45.0,43.0,,16.0,13.0,114.0,31.0,2603.0,3519.0,20.0,2899.0,19.0,32.0,201.0,33.0,,239.0,1933.0,17.0,188.0,2140.0,606.0,716.0,20.0,12.0,70.0,66.0,,49.0,28.0,489.0,10.0,34.0,19.0,15.0,21.0,581.0,42.0,519.0,28.0,15.0,,37.0,45.0,110.0,4805.0,43.0,49.0,1067.0,27.0,296.0,1093.0,3635.0,24.0,71.0,2874.0,10.0,1108.0,43.0,272.0,274.0,23.0,525.0,123.0,195.0,62.0,464.0,1269.0,282.0,107.0,313.0,26.0,444.0,20.0,128.0,30.0,494.0,75.0,49.0,15.0,22.0,535.0,12.0,236.0,27.0,334.0,3117.0,97.0,11.0,570.0,181.0,35.0,1626.0,17.0,48.0,438.0,251.0,62.0,185.0,13.0,112.0,323.0,131.0,434.0,50.0,15.0,20.0,187.0,37.0,62.0,204.0,1409.0,58.0,111.0,183.0,46.0,1083.0,37.0,,68.0,4421.0,19.0,35.0,965.0,16.0,,15.0,138.0,503.0,50.0,2719.0,59.0,971.0,2553.0,127.0,519.0,136.0,3611.0,,35.0,45.0,42.0,278.0,111.0,367.0,2861.0,98.0,164.0,2223.0,21.0,479.0,10.0,592.0,1847.0,609.0,87.0,66.0,135.0,11.0,183.0,65.0,81.0,,84.0,879.0,607.0,339.0,513.0,238.0,201.0,71.0,14.0,292.0,4796.0,11.0,13.0,55.0,1244.0,600.0,947.0,723.0,1142.0,30.0,117.0,62.0,117.0,49.0,123.0,139.0,320.0,14.0,539.0,1616.0,31.0,16.0,217.0,61.0,10.0,109.0,97.0,13.0,686.0,27.0,25.0,32.0,15.0,140.0,10244.0,157.0,3220.0,106.0,2617.0,87.0,184.0,,459.0,13.0,112.0,41.0,243.0,11.0,27.0,762.0,24.0,15.0,56.0,182.0,31.0,73.0,366.0,159.0,29.0,661.0,54.0,902.0,,69.0,102.0,2736.0,,63.0,39.0,128.0,66.0,576.0,250.0,10.0,256.0,977.0,211.0,85.0,140.0,339.0,2525.0,486.0,100.0,864.0,782.0,46.0,3932.0,125.0,36.0,13.0,1168.0,22.0,1697.0,92.0,64.0,34.0,,3795.0,247.0,13632.0,773.0,247.0,21.0,1606.0,134.0,1491.0,655.0,243.0,1489.0,1717.0,64.0,19.0,155.0,15.0,11.0,21.0,44.0,109.0,210.0,702.0,57.0,1445.0,93.0,17.0,207.0,16.0,32.0,40.0,58.0,13779.0
2025-10-20 11:00:00+00:00,247.0,,264.0,118.0,20.0,49.0,260.0,31.0,505.0,575.0,58.0,45.0,43.0,,16.0,13.0,114.0,31.0,2603.0,3549.0,20.0,2900.0,19.0,32.0,201.0,33.0,,239.0,1933.0,17.0,190.0,2140.0,606.0,716.0,20.0,12.0,70.0,66.0,,52.0,28.0,490.0,10.0,34.0,19.0,15.0,22.0,581.0,42.0,519.0,28.0,15.0,,37.0,45.0,110.0,4805.0,43.0,49.0,1067.0,27.0,296.0,1093.0,3635.0,24.0,74.0,2875.0,10.0,1108.0,43.0,272.0,275.0,23.0,525.0,123.0,195.0,62.0,466.0,1269.0,282.0,107.0,320.0,26.0,444.0,21.0,128.0,30.0,494.0,75.0,49.0,15.0,24.0,535.0,12.0,236.0,27.0,334.0,3118.0,97.0,11.0,570.0,184.0,35.0,1626.0,17.0,48.0,438.0,251.0,64.0,185.0,13.0,112.0,323.0,131.0,434.0,51.0,15.0,20.0,187.0,37.0,62.0,204.0,1409.0,58.0,111.0,183.0,46.0,1083.0,37.0,,68.0,4421.0,24.0,35.0,965.0,16.0,,15.0,138.0,503.0,50.0,2720.0,59.0,971.0,2553.0,127.0,519.0,136.0,3611.0,,35.0,45.0,43.0,278.0,111.0,367.0,2961.0,98.0,164.0,2223.0,23.0,480.0,10.0,592.0,1887.0,609.0,87.0,66.0,135.0,11.0,183.0,65.0,81.0,,84.0,879.0,607.0,339.0,513.0,238.0,201.0,71.0,14.0,302.0,4796.0,11.0,13.0,55.0,1244.0,600.0,947.0,723.0,1142.0,30.0,122.0,62.0,117.0,49.0,123.0,139.0,320.0,14.0,909.0,1616.0,31.0,16.0,217.0,61.0,10.0,109.0,97.0,13.0,686.0,27.0,25.0,32.0,15.0,140.0,10244.0,157.0,3224.0,106.0,2619.0,87.0,184.0,10.0,459.0,13.0,112.0,41.0,243.0,11.0,27.0,772.0,24.0,15.0,56.0,182.0,31.0,73.0,366.0,159.0,29.0,661.0,54.0,902.0,,69.0,102.0,2737.0,,63.0,39.0,129.0,66.0,576.0,250.0,10.0,256.0,977.0,211.0,85.0,140.0,349.0,2525.0,486.0,100.0,864.0,782.0,47.0,3932.0,125.0,36.0,13.0,1168.0,22.0,1697.0,92.0,64.0,34.0,,3798.0,248.0,13632.0,773.0,247.0,21.0,1606.0,134.0,1521.0,655.0,243.0,1494.0,1718.0,64.0,19.0,155.0,15.0,11.0,21.0,44.0,109.0,210.0,702.0,57.0,1445.0,93.0,18.0,207.0,16.0,32.0,40.0,58.0,13780.0
2025-10-20 12:00:00+00:00,247.0,,264.0,118.0,20.0,49.0,260.0,31.0,505.0,575.0,58.0,45.0,43.0,,16.0,13.0,114.0,31.0,2603.0,3554.0,20.0,2900.0,19.0,32.0,201.0,33.0,,239.0,1933.0,17.0,190.0,2140.0,606.0,716.0,20.0,12.0,70.0,66.0,,52.0,28.0,490.0,10.0,34.0,19.0,15.0,22.0,581.0,42.0,519.0,28.0,15.0,,37.0,45.0,110.0,4805.0,43.0,49.0,1067.0,27.0,296.0,1093.0,3635.0,24.0,74.0,2875.0,10.0,1108.0,43.0,272.0,275.0,23.0,525.0,123.0,195.0,62.0,466.0,1269.0,282.0,107.0,320.0,26.0,444.0,21.0,128.0,30.0,494.0,75.0,49.0,15.0,24.0,535.0,12.0,236.0,27.0,334.0,3118.0,97.0,11.0,570.0,184.0,35.0,1626.0,17.0,48.0,438.0,251.0,64.0,185.0,13.0,112.0,323.0,131.0,434.0,53.0,15.0,20.0,187.0,37.0,62.0,204.0,1409.0,58.0,111.0,183.0,46.0,1083.0,37.0,,68.0,4421.0,24.0,35.0,965.0,16.0,,15.0,138.0,503.0,50.0,2720.0,59.0,971.0,2553.0,127.0,519.0,136.0,3611.0,,35.0,45.0,43.0,278.0,111.0,367.0,3161.0,98.0,164.0,2223.0,23.0,480.0,10.0,592.0,1887.0,609.0,87.0,66.0,135.0,11.0,183.0,65.0,81.0,,84.0,879.0,607.0,339.0,513.0,238.0,201.0,71.0,14.0,302.0,4796.0,11.0,13.0,55.0,1244.0,600.0,947.0,723.0,1142.0,30.0,122.0,62.0,117.0,49.0,123.0,139.0,320.0,14.0,909.0,1616.0,31.0,16.0,217.0,61.0,10.0,109.0,97.0,13.0,686.0,27.0,25.0,32.0,15.0,140.0,10244.0,157.0,3224.0,106.0,2619.0,87.0,184.0,10.0,459.0,13.0,112.0,41.0,243.0,11.0,27.0,772.0,24.0,15.0,56.0,182.0,31.0,73.0,366.0,159.0,29.0,661.0,54.0,902.0,,69.0,102.0,2737.0,,63.0,39.0,129.0,66.0,576.0,250.0,10.0,256.0,977.0,211.0,85.0,140.0,349.0,2525.0,486.0,100.0,864.0,782.0,47.0,3932.0,125.0,36.0,13.0,1168.0,22.0,1697.0,92.0,64.0,34.0,,3798.0,248.0,13632.0,773.0,247.0,21.0,1606.0,134.0,1521.0,655.0,243.0,1494.0,1718.0,64.0,19.0,155.0,15.0,11.0,21.0,44.0,109.0,210.0,702.0,57.0,1445.0,93.0,18.0,207.0,16.0,32.0,40.0,58.0,13780.0
2025-10-20 13:00:00+00:00,264.0,,264.0,118.0,20.0,49.0,260.0,31.0,505.0,575.0,58.0,45.0,43.0,,16.0,13.0,114.0,31.0,2603.0,3554.0,20.0,2900.0,19.0,32.0,201.0,33.0,,244.0,1933.0,17.0,190.0,2140.0,606.0,716.0,20.0,12.0,70.0,66.0,19.0,52.0,28.0,490.0,10.0,34.0,19.0,15.0,22.0,581.0,42.0,519.0,28.0,15.0,,37.0,45.0,110.0,4905.0,43.0,49.0,1067.0,27.0,296.0,1093.0,3635.0,24.0,74.0,2885.0,10.0,1108.0,43.0,272.0,282.0,23.0,531.0,123.0,195.0,62.0,470.0,1269.0,282.0,107.0,320.0,26.0,444.0,21.0,128.0,30.0,494.0,75.0,49.0,15.0,24.0,535.0,12.0,236.0,27.0,334.0,3118.0,97.0,11.0,570.0,184.0,35.0,1626.0,17.0,48.0,438.0,251.0,64.0,185.0,13.0,112.0,323.0,131.0,1440.0,53.0,215.0,20.0,187.0,37.0,62.0,204.0,1409.0,58.0,118.0,183.0,46.0,1083.0,37.0,,68.0,4421.0,24.0,35.0,965.0,16.0,,15.0,138.0,503.0,50.0,2720.0,59.0,971.0,2558.0,127.0,519.0,136.0,3611.0,,35.0,45.0,43.0,278.0,111.0,367.0,3161.0,98.0,164.0,2223.0,23.0,480.0,10.0,592.0,1887.0,609.0,87.0,66.0,135.0,11.0,203.0,65.0,81.0,,84.0,879.0,607.0,346.0,513.0,238.0,201.0,71.0,14.0,302.0,4796.0,11.0,13.0,55.0,1244.0,600.0,947.0,723.0,1274.0,30.0,122.0,62.0,117.0,49.0,123.0,139.0,320.0,14.0,909.0,1616.0,31.0,16.0,217.0,61.0,10.0,109.0,97.0,13.0,686.0,27.0,25.0,32.0,15.0,140.0,10254.0,157.0,3224.0,106.0,2629.0,87.0,184.0,10.0,464.0,13.0,112.0,41.0,243.0,11.0,27.0,772.0,24.0,15.0,56.0,182.0,31.0,73.0,366.0,159.0,29.0,661.0,54.0,902.0,,69.0,102.0,2737.0,,63.0,39.0,129.0,66.0,576.0,250.0,10.0,256.0,977.0,211.0,85.0,140.0,349.0,2535.0,486.0,100.0,864.0,782.0,47.0,4393.0,125.0,36.0,13.0,1168.0,22.0,1704.0,92.0,71.0,34.0,,3798.0,248.0,13632.0,778.0,247.0,21.0,1606.0,134.0,1521.0,655.0,243.0,1494.0,1718.0,64.0,19.0,155.0,15.0,11.0,21.0,44.0,109.0,210.0,702.0,57.0,1445.0,93.0,18.0,207.0,16.0,32.0,40.0,58.0,13804.0
2025-10-20 14:00:00+00:00,264.0,,264.0,118.0,20.0,49.0,260.0,31.0,505.0,575.0,58.0,45.0,43.0,,16.0,13.0,114.0,31.0,2603.0,3554.0,20.0,2900.0,19.0,32.0,201.0,33.0,,244.0,1933.0,17.0,190.0,2340.0,606.0,716.0,20.0,12.0,70.0,66.0,19.0,52.0,28.0,490.0,10.0,34.0,19.0,15.0,22.0,581.0,42.0,519.0,28.0,15.0,,37.0,45.0,110.0,4905.0,43.0,49.0,1067.0,27.0,296.0,1093.0,3635.0,24.0,74.0,2985.0,10.0,1108.0,43.0,272.0,282.0,23.0,531.0,123.0,195.0,62.0,470.0,1269.0,282.0,107.0,320.0,26.0,444.0,21.0,128.0,30.0,494.0,75.0,49.0,15.0,24.0,535.0,12.0,236.0,27.0,334.0,3118.0,97.0,11.0,570.0,184.0,35.0,1626.0,17.0,48.0,438.0,251.0,64.0,185.0,13.0,132.0,323.0,131.0,1440.0,53.0,215.0,20.0,187.0,37.0,62.0,204.0,1409.0,58.0,118.0,183.0,46.0,1183.0,37.0,,68.0,4468.0,24.0,35.0,965.0,16.0,,15.0,138.0,503.0,50.0,2720.0,59.0,971.0,2726.0,127.0,519.0,136.0,3611.0,,35.0,45.0,43.0,278.0,111.0,367.0,3161.0,98.0,164.0,2223.0,23.0,480.0,10.0,592.0,1887.0,609.0,87.0,66.0,135.0,11.0,203.0,65.0,81.0,,84.0,879.0,607.0,346.0,513.0,238.0,201.0,71.0,14.0,302.0,4822.0,11.0,13.0,55.0,1244.0,600.0,947.0,723.0,1274.0,30.0,122.0,62.0,117.0,49.0,123.0,139.0,320.0,14.0,909.0,1616.0,31.0,16.0,217.0,61.0,10.0,109.0,97.0,13.0,686.0,27.0,25.0,32.0,15.0,140.0,10354.0,157.0,3224.0,106.0,2729.0,87.0,184.0,10.0,464.0,13.0,112.0,41.0,243.0,11.0,27.0,772.0,24.0,15.0,56.0,182.0,31.0,73.0,366.0,159.0,29.0,661.0,54.0,902.0,,69.0,102.0,2737.0,,63.0,39.0,229.0,66.0,576.0,250.0,10.0,256.0,977.0,211.0,85.0,140.0,349.0,2535.0,486.0,100.0,904.0,782.0,47.0,4393.0,125.0,36.0,13.0,1168.0,22.0,1704.0,92.0,71.0,34.0,,3798.0,248.0,13651.0,778.0,247.0,21.0,1606.0,134.0,1721.0,655.0,243.0,1494.0,1718.0,64.0,19.0,155.0,15.0,11.0,21.0,44.0,109.0,210.0,702.0,57.0,1445.0,93.0,18.0,217.0,16.0,32.0,40.0,58.0,14544.0
2025-10-20 15:00:00+00:00,265.0,,264.0,118.0,20.0,50.0,260.0,31.0,505.0,575.0,60.0,45.0,43.0,,16.0,13.0,114.0,31.0,2603.0,3555.0,20.0,2900.0,19.0,32.0,201.0,34.0,,244.0,1933.0,17.0,190.0,2340.0,608.0,716.0,20.0,12.0,70.0,66.0,19.0,52.0,28.0,490.0,10.0,34.0,19.0,15.0,22.0,581.0,42.0,520.0,28.0,16.0,,37.0,45.0,110.0,5193.0,43.0,51.0,1067.0,27.0,296.0,1093.0,3635.0,24.0,174.0,2987.0,10.0,1108.0,43.0,272.0,285.0,23.0,532.0,123.0,195.0,62.0,476.0,1270.0,282.0,107.0,320.0,26.0,445.0,21.0,128.0,30.0,495.0,76.0,49.0,15.0,24.0,535.0,12.0,236.0,27.0,334.0,3118.0,97.0,11.0,570.0,184.0,35.0,1626.0,17.0,48.0,438.0,251.0,64.0,185.0,13.0,132.0,324.0,131.0,1441.0,53.0,215.0,20.0,187.0,37.0,122.0,204.0,1410.0,60.0,119.0,183.0,46.0,1185.0,37.0,,69.0,4469.0,24.0,35.0,965.0,16.0,,15.0,138.0,503.0,50.0,2721.0,59.0,971.0,2726.0,127.0,519.0,136.0,3611.0,,36.0,45.0,43.0,278.0,111.0,367.0,3361.0,98.0,164.0,2223.0,23.0,480.0,10.0,592.0,1889.0,611.0,87.0,66.0,135.0,11.0,203.0,65.0,81.0,,84.0,879.0,619.0,348.0,513.0,240.0,201.0,71.0,14.0,302.0,4830.0,11.0,13.0,55.0,1244.0,600.0,947.0,723.0,1274.0,30.0,122.0,64.0,117.0,49.0,123.0,140.0,320.0,14.0,909.0,1617.0,31.0,16.0,217.0,62.0,10.0,109.0,97.0,13.0,686.0,27.0,25.0,32.0,15.0,140.0,10556.0,157.0,3225.0,106.0,2730.0,87.0,185.0,10.0,464.0,13.0,112.0,41.0,243.0,11.0,27.0,772.0,24.0,15.0,56.0,182.0,31.0,73.0,367.0,159.0,29.0,661.0,54.0,902.0,,69.0,102.0,2737.0,,63.0,40.0,229.0,66.0,577.0,250.0,10.0,256.0,977.0,211.0,85.0,140.0,349.0,2536.0,488.0,100.0,909.0,782.0,147.0,4395.0,125.0,36.0,13.0,1168.0,22.0,1705.0,93.0,73.0,34.0,,3799.0,248.0,13752.0,778.0,248.0,21.0,1606.0,134.0,1723.0,655.0,243.0,1494.0,1718.0,64.0,19.0,155.0,15.0,11.0,21.0,45.0,109.0,210.0,702.0,57.0,1445.0,95.0,18.0,217.0,16.0,32.0,40.0,58.0,14746.0
2025-10-20 16:00:00+00:00,265.0,,264.0,119.0,20.0,52.0,261.0,31.0,505.0,576.0,60.0,45.0,43.0,,16.0,13.0,114.0,31.0,2605.0,3955.0,21.0,2900.0,19.0,32.0,201.0,34.0,,245.0,1933.0,17.0,190.0,2341.0,611.0,716.0,20.0,12.0,70.0,66.0,19.0,52.0,28.0,490.0,10.0,34.0,19.0,15.0,22.0,582.0,42.0,530.0,28.0,21.0,,37.0,45.0,110.0,5193.0,44.0,51.0,1067.0,27.0,296.0,1094.0,3635.0,24.0,174.0,2995.0,10.0,1108.0,43.0,273.0,285.0,24.0,532.0,123.0,195.0,62.0,476.0,1270.0,282.0,107.0,320.0,26.0,446.0,21.0,129.0,30.0,495.0,76.0,49.0,15.0,24.0,535.0,12.0,236.0,27.0,334.0,3118.0,97.0,11.0,570.0,184.0,35.0,1626.0,22.0,48.0,438.0,251.0,65.0,185.0,13.0,132.0,324.0,131.0,1442.0,53.0,215.0,20.0,187.0,37.0,122.0,204.0,1410.0,60.0,119.0,183.0,47.0,1185.0,37.0,,69.0,4470.0,24.0,35.0,971.0,16.0,,15.0,138.0,503.0,50.0,2721.0,59.0,971.0,2726.0,127.0,519.0,136.0,3611.0,,36.0,45.0,63.0,280.0,311.0,368.0,3381.0,98.0,164.0,2223.0,23.0,480.0,10.0,592.0,1909.0,616.0,87.0,67.0,135.0,11.0,204.0,66.0,81.0,,84.0,879.0,620.0,348.0,513.0,245.0,222.0,71.0,14.0,302.0,4836.0,12.0,13.0,55.0,1244.0,600.0,949.0,723.0,1279.0,30.0,122.0,64.0,117.0,49.0,123.0,141.0,325.0,14.0,909.0,1617.0,51.0,16.0,218.0,62.0,10.0,109.0,97.0,13.0,686.0,27.0,25.0,32.0,15.0,140.0,10566.0,157.0,3240.0,107.0,3431.0,88.0,186.0,10.0,465.0,13.0,112.0,41.0,243.0,12.0,27.0,772.0,24.0,15.0,56.0,182.0,31.0,73.0,367.0,159.0,30.0,662.0,54.0,902.0,,69.0,102.0,2741.0,,63.0,40.0,229.0,66.0,577.0,250.0,10.0,257.0,977.0,211.0,85.0,146.0,349.0,2536.0,488.0,100.0,911.0,782.0,148.0,4396.0,125.0,36.0,13.0,1168.0,22.0,1705.0,93.0,73.0,34.0,,3799.0,248.0,13752.0,779.0,248.0,21.0,2455.0,144.0,1723.0,695.0,243.0,1494.0,1719.0,65.0,19.0,155.0,15.0,11.0,21.0,45.0,109.0,210.0,702.0,57.0,1449.0,100.0,18.0,217.0,16.0,32.0,40.0,58.0,14750.0
2025-10-20 17:00:00+00:00,265.0,,264.0,119.0,20.0,52.0,261.0,31.0,505.0,576.0,60.0,45.0,43.0,,16.0,13.0,114.0,31.0,2605.0,3955.0,21.0,2900.0,19.0,32.0,201.0,34.0,,245.0,1933.0,17.0,190.0,2341.0,611.0,716.0,20.0,12.0,70.0,66.0,19.0,52.0,28.0,490.0,10.0,34.0,19.0,15.0,22.0,582.0,42.0,530.0,28.0,21.0,,37.0,45.0,110.0,5193.0,44.0,51.0,1067.0,27.0,296.0,1094.0,3635.0,24.0,174.0,2995.0,10.0,1108.0,43.0,273.0,285.0,24.0,532.0,123.0,195.0,62.0,476.0,1270.0,282.0,107.0,320.0,26.0,446.0,21.0,129.0,30.0,495.0,76.0,49.0,15.0,24.0,535.0,12.0,236.0,27.0,334.0,3118.0,97.0,11.0,570.0,184.0,35.0,1626.0,22.0,48.0,438.0,251.0,65.0,185.0,13.0,132.0,324.0,131.0,1442.0,53.0,215.0,20.0,187.0,37.0,122.0,204.0,1410.0,60.0,119.0,183.0,47.0,1185.0,37.0,,69.0,4470.0,24.0,35.0,971.0,16.0,,15.0,138.0,503.0,50.0,2721.0,59.0,971.0,2726.0,127.0,519.0,136.0,3611.0,,36.0,45.0,63.0,280.0,311.0,368.0,3381.0,98.0,164.0,2223.0,23.0,480.0,10.0,592.0,1909.0,616.0,87.0,67.0,135.0,11.0,204.0,66.0,81.0,,84.0,879.0,620.0,348.0,513.0,245.0,222.0,71.0,14.0,302.0,4836.0,12.0,13.0,55.0,1244.0,600.0,949.0,723.0,1279.0,30.0,122.0,64.0,117.0,49.0,123.0,141.0,325.0,14.0,909.0,1617.0,51.0,16.0,218.0,62.0,10.0,109.0,97.0,13.0,686.0,27.0,25.0,32.0,15.0,140.0,10566.0,157.0,3240.0,107.0,3431.0,88.0,186.0,10.0,465.0,13.0,112.0,41.0,243.0,12.0,27.0,772.0,24.0,15.0,56.0,182.0,31.0,73.0,367.0,159.0,30.0,662.0,54.0,902.0,,69.0,102.0,2741.0,,63.0,40.0,229.0,66.0,577.0,250.0,10.0,257.0,977.0,211.0,85.0,146.0,349.0,2536.0,488.0,100.0,911.0,782.0,148.0,4396.0,125.0,36.0,13.0,1168.0,22.0,1705.0,93.0,73.0,34.0,,3799.0,248.0,13752.0,779.0,248.0,21.0,2455.0,144.0,1723.0,695.0,243.0,1494.0,1719.0,65.0,19.0,155.0,15.0,11.0,21.0,45.0,109.0,210.0,702.0,57.0,1449.0,100.0,18.0,217.0,16.0,32.0,40.0,58.0,14750.0
2025-10-20 18:00:00+00:00,265.0,,264.0,119.0,20.0,52.0,261.0,31.0,505.0,576.0,60.0,45.0,43.0,,16.0,13.0,114.0,31.0,2605.0,3955.0,21.0,2900.0,19.0,32.0,201.0,34.0,,245.0,1933.0,17.0,190.0,2341.0,611.0,716.0,20.0,12.0,70.0,66.0,19.0,52.0,28.0,490.0,10.0,34.0,19.0,15.0,22.0,582.0,42.0,530.0,28.0,21.0,,37.0,45.0,110.0,5193.0,44.0,51.0,1067.0,27.0,296.0,1094.0,3635.0,24.0,174.0,2995.0,10.0,1108.0,43.0,273.0,285.0,24.0,532.0,123.0,195.0,62.0,476.0,1270.0,282.0,107.0,320.0,26.0,446.0,21.0,129.0,30.0,495.0,76.0,49.0,15.0,24.0,535.0,12.0,236.0,27.0,334.0,3118.0,97.0,11.0,570.0,184.0,35.0,1626.0,22.0,48.0,438.0,251.0,65.0,185.0,13.0,132.0,324.0,131.0,1442.0,53.0,215.0,20.0,187.0,37.0,122.0,204.0,1410.0,60.0,119.0,183.0,47.0,1185.0,37.0,,69.0,4470.0,24.0,35.0,971.0,16.0,,15.0,138.0,503.0,50.0,2721.0,59.0,971.0,2726.0,127.0,519.0,136.0,3611.0,,36.0,45.0,63.0,280.0,311.0,368.0,3381.0,98.0,164.0,2223.0,23.0,480.0,10.0,592.0,1909.0,616.0,87.0,67.0,135.0,11.0,204.0,66.0,81.0,,84.0,879.0,620.0,348.0,513.0,245.0,222.0,71.0,14.0,302.0,4836.0,12.0,13.0,55.0,1244.0,600.0,949.0,723.0,1279.0,30.0,122.0,64.0,117.0,49.0,123.0,141.0,325.0,14.0,909.0,1617.0,51.0,16.0,218.0,62.0,10.0,109.0,97.0,13.0,686.0,27.0,25.0,32.0,15.0,140.0,10566.0,157.0,3240.0,107.0,3431.0,88.0,186.0,10.0,465.0,13.0,112.0,41.0,243.0,12.0,27.0,772.0,24.0,15.0,56.0,182.0,31.0,73.0,367.0,159.0,30.0,662.0,54.0,902.0,,69.0,102.0,2741.0,,63.0,40.0,229.0,66.0,577.0,250.0,10.0,257.0,977.0,211.0,85.0,146.0,349.0,2536.0,488.0,100.0,911.0,782.0,148.0,4396.0,125.0,36.0,13.0,1168.0,22.0,1705.0,93.0,73.0,34.0,,3799.0,248.0,13752.0,779.0,248.0,21.0,2455.0,144.0,1723.0,695.0,243.0,1494.0,1719.0,65.0,19.0,155.0,15.0,11.0,21.0,45.0,109.0,210.0,702.0,57.0,1449.0,100.0,18.0,217.0,16.0,32.0,40.0,58.0,14750.0
